{"stat.pickup.minecraft.bone":6,"stat.leaveGame":4,"stat.mineBlock.minecraft.cobblestone":1,"stat.mineBlock.minecraft.stained_glass_pane":4,"stat.swimOneCm":855,"stat.pickup.quark.glass_shards":12,"stat.drop.quark.glass_shards":12,"stat.climbOneCm":3316,"stat.craftItem.minecraft.shield":1,"stat.drop.minecraft.cobblestone":3,"stat.pickup.minecraft.porkchop":9,"stat.useItem.minecraft.stone_slab2":19,"stat.pickup.minecraft.rotten_flesh":3,"stat.craftItem.minecraft.furnace":2,"stat.craftItem.minecraft.iron_boots":1,"stat.craftItem.minecraft.stone_pickaxe":2,"stat.craftItem.minecraft.cooked_beef":17,"stat.pickup.minecraft.cobblestone":430,"stat.pickup.futuremc.sweet_berries":93,"stat.flyOneCm":64722,"stat.useItem.minecraft.cooked_beef":2,"stat.pickup.quark.tallow":10,"stat.pickup.minecraft.redstone":68,"stat.mineBlock.minecraft.iron_ore":120,"stat.timeSinceDeath":38353,"stat.useItem.minecraft.iron_pickaxe":449,"stat.pickup.minecraft.stained_hardened_clay":22,"stat.craftItem.minecraft.wooden_pickaxe":1,"stat.pickup.techguns.basicore":29,"stat.furnaceInteraction":21,"stat.mineBlock.minecraft.coal_ore":126,"stat.pickup.srparasites.lurecomponent1":4,"stat.drop.minecraft.red_flower":1,"stat.pickup.minecraft.string":4,"stat.pickup.minecraft.beef":20,"stat.pickup.minecraft.furnace":3,"stat.craftItem.minecraft.stone_slab2":0,"stat.mineBlock.minecraft.stained_hardened_clay":16,"stat.sprintOneCm":72330,"stat.craftItem.minecraft.stick":20,"stat.craftItem.minecraft.wooden_axe":1,"stat.mineBlock.minecraft.diamond_ore":16,"stat.mineBlock.minecraft.crafting_table":6,"stat.useItem.minecraft.diamond_pickaxe":146,"stat.useItem.minecraft.beef":3,"stat.pickup.minecraft.bowl":1,"stat.deaths":2,"stat.drop":10,"stat.pickup.minecraft.egg":2,"stat.playOneMinute":63229,"stat.useItem.minecraft.wooden_sword":34,"stat.craftItem.minecraft.iron_pickaxe":2,"stat.pickup.minecraft.golden_chestplate":1,"stat.craftItem.minecraft.diamond_pickaxe":1,"stat.killEntity.Zombie":1,"stat.mineBlock.minecraft.gold_ore":6,"stat.mineBlock.minecraft.tallgrass":2,"stat.diveOneCm":1286,"stat.chestOpened":4,"stat.pickup.minecraft.arrow":4,"stat.useItem.minecraft.chicken":3,"stat.useItem.minecraft.apple":2,"stat.useItem.minecraft.porkchop":2,"stat.useItem.minecraft.rotten_flesh":2,"stat.jump":733,"stat.pickup.minecraft.coal":201,"stat.fallOneCm":9561,"stat.crouchOneCm":24627,"stat.pickup.minecraft.spider_eye":1,"stat.craftItem.minecraft.iron_ingot":47,"stat.craftItem.minecraft.torch":8,"stat.craftItem.minecraft.iron_helmet":1,"stat.drop.futuremc.sweet_berries":1,"stat.craftingTableInteraction":30,"stat.pickup.minecraft.iron_ore":147,"stat.pickup.minecraft.gold_ore":6,"stat.mineBlock.minecraft.lapis_ore":4,"stat.damageTaken":884,"stat.useItem.futuremc.sweet_berries":14,"stat.pickup.minecraft.feather":5,"stat.pickup.minecraft.leather":8,"stat.mineBlock.minecraft.torch":13,"stat.mineBlock.minecraft.red_flower":1,"stat.mineBlock.minecraft.furnace":3,"stat.useItem.minecraft.wooden_pickaxe":3,"stat.pickup.minecraft.dye":20,"stat.useItem.minecraft.stone_pickaxe":200,"stat.mineBlock.minecraft.glass":4,"stat.craftItem.minecraft.iron_leggings":1,"stat.damageDealt":2603,"stat.killEntity.Cow":10,"stat.useItem.minecraft.crafting_table":1,"stat.killEntity.Pig":4,"stat.walkOneCm":170755,"stat.useItem.minecraft.torch":11,"stat.pickup.minecraft.crafting_table":6,"stat.useItem.minecraft.cobblestone":56,"stat.mineBlock.techguns.basicore":29,"stat.craftItem.minecraft.crafting_table":1,"stat.pickup.minecraft.log":8,"stat.drop.minecraft.iron_ore":4,"stat.pickup.usefulbackpacks.backpack":1,"stat.craftItem.minecraft.iron_chestplate":1,"stat.pickup.minecraft.chicken":3,"stat.useItem.minecraft.stained_hardened_clay":18,"stat.killEntity.Skeleton":2,"stat.mineBlock.minecraft.stonebrick":1,"stat.craftItem.minecraft.planks":32,"stat.killEntity.Chicken":2,"stat.killEntity.Spider":1,"stat.mobKills":25,"stat.mineBlock.minecraft.log":8,"stat.pickup.minecraft.diamond":16,"stat.mineBlock.minecraft.leaves":2,"stat.pickup.minecraft.torch":13,"stat.pickup.minecraft.red_flower":1,"stat.mineBlock.minecraft.redstone_ore":15,"stat.sneakTime":10769,"stat.useItem.minecraft.wooden_axe":61,"stat.mineBlock.minecraft.stone":459}