{"stat.chestOpened":2,"stat.walkOneCm":40004,"stat.craftItem.minecraft.planks":8,"stat.pickup.minecraft.crafting_table":2,"stat.mineBlock.minecraft.crafting_table":2,"stat.damageTaken":116,"stat.useItem.futuremc.sweet_berries":8,"stat.killEntity.Spider":1,"stat.useItem.minecraft.cobblestone":5,"stat.mineBlock.minecraft.torch":3,"stat.craftItem.minecraft.stone_pickaxe":1,"stat.mobKills":2,"stat.pickup.minecraft.cobblestone":38,"stat.mineBlock.minecraft.coal_ore":14,"stat.mineBlock.minecraft.log":2,"stat.pickup.futuremc.sweet_berries":11,"stat.pickup.minecraft.log":2,"stat.pickup.minecraft.string":4,"stat.flyOneCm":9558,"stat.drop":1,"stat.jump":107,"stat.mineBlock.minecraft.leaves":1,"stat.playOneMinute":14912,"stat.pickup.minecraft.coal":14,"stat.fallOneCm":1374,"stat.climbOneCm":309,"stat.useItem.minecraft.wooden_sword":12,"stat.pickup.minecraft.torch":3,"stat.useItem.minecraft.stone_pickaxe":67,"stat.sneakTime":12,"stat.pickup.usefulbackpacks.backpack":1,"stat.damageDealt":466,"stat.crouchOneCm":54,"stat.timeSinceDeath":14912,"stat.pickup.minecraft.spider_eye":1,"stat.useItem.minecraft.stained_hardened_clay":7,"stat.mineBlock.minecraft.stained_hardened_clay":14,"stat.sprintOneCm":15071,"stat.useItem.minecraft.crafting_table":1,"stat.pickup.minecraft.stained_hardened_clay":14,"stat.drop.futuremc.sweet_berries":1,"stat.useItem.minecraft.stone_slab2":4,"stat.mineBlock.minecraft.stone":38,"stat.craftItem.minecraft.stick":4,"stat.craftingTableInteraction":3}