{"stat.pickup.minecraft.bone":6,"stat.leaveGame":9,"stat.mineBlock.minecraft.cobblestone":11,"stat.mineBlock.minecraft.stained_glass_pane":5,"stat.swimOneCm":1067,"stat.pickup.quark.glass_shards":12,"stat.drop.quark.glass_shards":12,"stat.climbOneCm":3316,"stat.craftItem.minecraft.shield":1,"stat.drop.minecraft.cobblestone":3,"stat.pickup.minecraft.porkchop":24,"stat.useItem.minecraft.stone_slab2":21,"stat.pickup.minecraft.rotten_flesh":35,"stat.craftItem.minecraft.furnace":2,"stat.craftItem.minecraft.stone_axe":1,"stat.craftItem.minecraft.iron_boots":1,"stat.craftItem.minecraft.stone_pickaxe":2,"stat.craftItem.minecraft.cooked_beef":17,"stat.pickup.minecraft.cobblestone":618,"stat.pickup.futuremc.sweet_berries":93,"stat.flyOneCm":90881,"stat.useItem.minecraft.cooked_beef":9,"stat.pickup.quark.tallow":25,"stat.pickup.minecraft.redstone":72,"stat.mineBlock.minecraft.iron_ore":123,"stat.timeSinceDeath":73922,"stat.useItem.minecraft.iron_pickaxe":449,"stat.pickup.minecraft.stained_hardened_clay":22,"stat.craftItem.minecraft.wooden_pickaxe":1,"stat.mineBlock.minecraft.brick_block":1,"stat.pickup.techguns.basicore":33,"stat.furnaceInteraction":24,"stat.mineBlock.minecraft.coal_ore":170,"stat.pickup.srparasites.lurecomponent1":4,"stat.drop.minecraft.red_flower":1,"stat.pickup.minecraft.string":4,"stat.pickup.minecraft.beef":20,"stat.pickup.minecraft.furnace":3,"stat.craftItem.minecraft.stone_slab2":0,"stat.mineBlock.minecraft.stained_hardened_clay":41,"stat.sprintOneCm":95996,"stat.craftItem.minecraft.stick":20,"stat.craftItem.minecraft.wooden_axe":1,"stat.mineBlock.minecraft.diamond_ore":16,"stat.mineBlock.minecraft.crafting_table":7,"stat.useItem.minecraft.diamond_pickaxe":583,"stat.useItem.minecraft.beef":3,"stat.pickup.minecraft.bowl":1,"stat.deaths":2,"stat.drop":17,"stat.pickup.minecraft.egg":2,"stat.playOneMinute":98798,"stat.useItem.minecraft.wooden_sword":34,"stat.craftItem.minecraft.iron_pickaxe":2,"stat.pickup.minecraft.golden_chestplate":1,"stat.craftItem.minecraft.diamond_pickaxe":1,"stat.killEntity.Zombie":1,"stat.mineBlock.minecraft.gold_ore":14,"stat.mineBlock.minecraft.tallgrass":3,"stat.diveOneCm":2591,"stat.chestOpened":4,"stat.pickup.minecraft.arrow":4,"stat.drop.minecraft.cooked_beef":7,"stat.useItem.minecraft.chicken":3,"stat.useItem.minecraft.apple":2,"stat.useItem.minecraft.porkchop":2,"stat.useItem.minecraft.rotten_flesh":2,"stat.jump":1173,"stat.pickup.minecraft.coal":302,"stat.fallOneCm":13090,"stat.useItem.minecraft.stone_axe":4,"stat.crouchOneCm":27905,"stat.pickup.minecraft.spider_eye":1,"stat.craftItem.minecraft.iron_ingot":47,"stat.craftItem.minecraft.torch":8,"stat.craftItem.minecraft.iron_helmet":1,"stat.drop.futuremc.sweet_berries":1,"stat.craftingTableInteraction":32,"stat.pickup.minecraft.iron_ore":150,"stat.pickup.minecraft.gold_ore":14,"stat.mineBlock.minecraft.lapis_ore":5,"stat.damageTaken":1665,"stat.useItem.futuremc.sweet_berries":21,"stat.pickup.minecraft.feather":5,"stat.pickup.minecraft.leather":8,"stat.mineBlock.minecraft.torch":20,"stat.mineBlock.minecraft.red_flower":1,"stat.mineBlock.minecraft.furnace":3,"stat.useItem.minecraft.wooden_pickaxe":3,"stat.pickup.minecraft.dye":25,"stat.useItem.minecraft.stone_pickaxe":200,"stat.mineBlock.minecraft.glass":4,"stat.craftItem.minecraft.iron_leggings":1,"stat.damageDealt":3032,"stat.killEntity.Cow":10,"stat.useItem.minecraft.crafting_table":1,"stat.mineBlock.minecraft.dirt":38,"stat.killEntity.Pig":7,"stat.walkOneCm":244599,"stat.useItem.minecraft.torch":20,"stat.pickup.minecraft.crafting_table":6,"stat.useItem.minecraft.cobblestone":114,"stat.mineBlock.techguns.basicore":33,"stat.craftItem.minecraft.crafting_table":2,"stat.pickup.minecraft.log":11,"stat.drop.minecraft.iron_ore":4,"stat.pickup.usefulbackpacks.backpack":1,"stat.craftItem.minecraft.iron_chestplate":1,"stat.pickup.minecraft.chicken":3,"stat.useItem.minecraft.stained_hardened_clay":18,"stat.killEntity.Skeleton":2,"stat.mineBlock.minecraft.stonebrick":14,"stat.craftItem.minecraft.planks":40,"stat.killEntity.Chicken":2,"stat.killEntity.Spider":1,"stat.mineBlock.minecraft.quartz_ore":3,"stat.mobKills":28,"stat.mineBlock.minecraft.log":11,"stat.pickup.minecraft.quartz":1,"stat.pickup.minecraft.diamond":16,"stat.mineBlock.minecraft.leaves":2,"stat.pickup.minecraft.torch":18,"stat.pickup.minecraft.red_flower":1,"stat.mineBlock.minecraft.redstone_ore":16,"stat.sneakTime":11860,"stat.craftItem.minecraft.coal_block":17,"stat.useItem.minecraft.wooden_axe":65,"stat.mineBlock.minecraft.stone":756}