{"stat.craftItem.minecraft.acacia_boat":2,"stat.leaveGame":8,"stat.mineBlock.minecraft.cobblestone":13,"stat.drop.minecraft.gunpowder":1,"stat.pickup.minecraft.stone_pickaxe":3,"stat.mineBlock.minecraft.sandstone":8,"stat.useItem.minecraft.mutton":11,"stat.pickup.srparasites.parasitecanister":3,"stat.swimOneCm":5135,"stat.climbOneCm":8058,"stat.drop.minecraft.bowl":4,"stat.pickup.minecraft.porkchop":8,"stat.useItem.minecraft.dirt":5,"stat.useItem.minecraft.stone_slab2":18,"stat.pickup.srparasites.ada_arachnida_drop":1,"stat.pickup.minecraft.rotten_flesh":7,"stat.pickup.minecraft.sand":12,"stat.craftItem.minecraft.furnace":1,"stat.useItem.minecraft.egg":3,"stat.craftItem.minecraft.stone_axe":2,"stat.craftItem.minecraft.stone_pickaxe":2,"stat.craftItem.minecraft.cooked_beef":15,"stat.pickup.minecraft.cobblestone":767,"stat.mineBlock.techguns.concrete":1,"stat.flyOneCm":400968,"stat.pickup.minecraft.sandstone":8,"stat.mineBlock.minecraft.sand":8,"stat.pickup.minecraft.fish":1,"stat.pickup.quark.marble":62,"stat.drop.minecraft.wheat_seeds":4,"stat.useItem.minecraft.cooked_beef":19,"stat.pickup.quark.tallow":12,"stat.pickup.minecraft.acacia_boat":5,"stat.pickup.minecraft.redstone":4,"stat.mineBlock.minecraft.iron_ore":8,"stat.timeSinceDeath":0,"stat.craftItem.minecraft.wooden_pickaxe":1,"stat.pickup.minecraft.mutton":28,"stat.pickup.minecraft.wooden_axe":2,"stat.furnaceInteraction":26,"stat.drop.minecraft.dirt":1,"stat.mineBlock.minecraft.coal_ore":45,"stat.pickup.techguns.lamp0":9,"stat.pickup.srparasites.lurecomponent1":10,"stat.pickup.minecraft.shield":1,"stat.pickup.minecraft.string":1,"stat.pickup.minecraft.beef":32,"stat.useItem.minecraft.cooked_mutton":6,"stat.pickup.minecraft.furnace":2,"stat.craftItem.minecraft.stone_slab2":0,"stat.sprintOneCm":252232,"stat.pickup.spartanshields.shield_tower_iron":2,"stat.craftItem.minecraft.stick":12,"stat.killEntity.Horse":3,"stat.pickup.minecraft.potion":1,"stat.pickup.techguns.t1_miner_leggings":7,"stat.mineBlock.minecraft.crafting_table":2,"stat.useItem.minecraft.carrot":5,"stat.useItem.minecraft.beef":6,"stat.mineBlock.quark.marble":1,"stat.deaths":16,"stat.pickup.minecraft.bowl":21,"stat.drop":37,"stat.playOneMinute":94883,"stat.useItem.minecraft.wooden_sword":17,"stat.killEntity.Sheep":19,"stat.drop.minecraft.torch":3,"stat.mineBlock.minecraft.tallgrass":27,"stat.craftItem.minecraft.cooked_mutton":6,"stat.diveOneCm":6432,"stat.pickup.minecraft.wheat":2,"stat.chestOpened":19,"stat.drop.srparasites.lurecomponent1":3,"stat.useItem.minecraft.fish":1,"stat.useItem.minecraft.stone":1,"stat.drop.minecraft.wooden_pickaxe":1,"stat.pickup.minecraft.arrow":6,"stat.drop.minecraft.cooked_beef":2,"stat.pickup.minecraft.stone_axe":11,"stat.useItem.minecraft.apple":2,"stat.mineBlock.minecraft.deadbush":1,"stat.useItem.minecraft.porkchop":8,"stat.useItem.minecraft.rotten_flesh":1,"stat.jump":1799,"stat.useItem.minecraft.sand":6,"stat.pickup.minecraft.coal":140,"stat.pickup.minecraft.iron_helmet":5,"stat.fallOneCm":42929,"stat.pickup.minecraft.iron_ingot":9,"stat.drop.minecraft.dye":2,"stat.pickup.minecraft.carrot":80,"stat.useItem.minecraft.stone_axe":71,"stat.pickup.minecraft.gunpowder":21,"stat.crouchOneCm":12994,"stat.craftItem.minecraft.torch":4,"stat.craftItem.minecraft.iron_ingot":7,"stat.pickup.minecraft.dirt":117,"stat.craftingTableInteraction":13,"stat.pickup.minecraft.iron_ore":8,"stat.boatOneCm":29060,"stat.entityKilledBy.techguns.SkeletonSoldier":1,"stat.mineBlock.minecraft.log2":8,"stat.pickup.minecraft.wooden_pickaxe":3,"stat.damageTaken":5920,"stat.pickup.minecraft.leather":16,"stat.useItem.minecraft.wooden_pickaxe":13,"stat.pickup.srparasites.assimilated_flesh":29,"stat.pickup.minecraft.log2":8,"stat.pickup.minecraft.dye":2,"stat.pickup.minecraft.planks":10,"stat.pickup.minecraft.reeds":12,"stat.pickup.techguns.concrete":1,"stat.pickup.minecraft.wheat_seeds":23,"stat.pickup.spartanweaponry.boomerang_iron":2,"stat.pickup.srparasites.canisteractive":10,"stat.useItem.minecraft.stone_pickaxe":261,"stat.damageDealt":5014,"stat.killEntity.Rabbit":1,"stat.drop.minecraft.rabbit_foot":1,"stat.killEntity.Cow":15,"stat.mineBlock.minecraft.dirt":19,"stat.killEntity.Pig":4,"stat.drop.minecraft.reeds":6,"stat.drop.minecraft.stick":1,"stat.pickup.techguns.itemshared":11,"stat.walkOneCm":322314,"stat.useItem.minecraft.torch":1,"stat.pickup.minecraft.stick":5,"stat.drop.minecraft.rotten_flesh":5,"stat.pickup.minecraft.crafting_table":3,"stat.useItem.minecraft.cobblestone":65,"stat.craftItem.minecraft.crafting_table":3,"stat.mineBlock.minecraft.double_plant":1,"stat.pickup.minecraft.rabbit_foot":1,"stat.pickup.minecraft.log":1,"stat.pickup.quark.root_flower":5,"stat.pickup.usefulbackpacks.backpack":6,"stat.pickup.minecraft.stone":2,"stat.drop.minecraft.sapling":3,"stat.pickup.minecraft.sapling":5,"stat.pickup.minecraft.cooked_beef":55,"stat.killEntity.futuremc:salmon":1,"stat.pickup.minecraft.ladder":4,"stat.mineBlock.overlast.red_leaves":3,"stat.craftItem.minecraft.planks":32,"stat.pickup.futuremc.cornflower":3,"stat.useItem.minecraft.acacia_boat":5,"stat.mobKills":48,"stat.mineBlock.minecraft.log":1,"stat.mineBlock.srparasites.parasitecanister":1,"stat.pickup.minecraft.torch":12,"stat.sneakTime":3355,"stat.pickup.minecraft.wool":30,"stat.mineBlock.minecraft.stone":188,"stat.useItem.minecraft.sandstone":6}