{"stat.pickup.spartanweaponry.club_wood":1,"stat.leaveGame":42,"stat.craftItem.quark.world_stone_pavement":45,"stat.drop.minecraft.gunpowder":2,"stat.drop.minecraft.redstone":64,"stat.pickup.tombstone.familiar_stone":1,"stat.mineBlock.minecraft.stained_glass":32,"stat.entityKilledBy.techguns.ZombieFarmer":1,"stat.craftItem.minecraft.shield":1,"stat.mineBlock.minecraft.web":6,"stat.pickup.srparasites.ada_arachnida_drop":1,"stat.craftItem.techguns.t1_miner_chestplate":1,"stat.pickup.minecraft.rotten_flesh":144,"stat.craftItem.sapturretmod.electrolyte_generator":1,"stat.craftItem.minecraft.stone_axe":2,"stat.pickup.minecraft.cobblestone_wall":19,"stat.pickup.minecraft.bucket":3,"stat.pickup.minecraft.leather_boots":1,"stat.useItem.minecraft.anvil":1,"stat.killEntity.Witch":5,"stat.pickup.quark.tallow":18,"stat.drop.minecraft.gold_ingot":2,"stat.useItem.minecraft.iron_pickaxe":1399,"stat.pickup.minecraft.stained_hardened_clay":568,"stat.craftItem.minecraft.wooden_pickaxe":1,"stat.mineBlock.minecraft.vine":7,"stat.mineBlock.minecraft.hopper":3,"stat.pickup.techguns.basicore":173,"stat.furnaceInteraction":215,"stat.useItem.minecraft.golden_carrot":18,"stat.drop.minecraft.gravel":18,"stat.craftItem.spartanweaponry.material":1,"stat.pickup.minecraft.hay_block":12,"stat.pickup.minecraft.leather_helmet":1,"stat.mineBlock.minecraft.stained_hardened_clay":424,"stat.useItem.minecraft.stained_glass":2,"stat.pickup.minecraft.potion":7,"stat.useItem.minecraft.wheat_seeds":1,"stat.useItem.minecraft.dye":109,"stat.pickup.minecraft.lever":1,"stat.pickup.minecraft.bowl":14,"stat.deaths":20,"stat.pickup.minecraft.egg":9,"stat.craftItem.minecraft.iron_pickaxe":6,"stat.pickup.minecraft.glass_pane":16,"stat.drop.minecraft.glass_bottle":1,"stat.drop.minecraft.iron_ingot":1,"stat.craftItem.minecraft.repeater":1,"stat.mineBlock.minecraft.tallgrass":11,"stat.chestOpened":358,"stat.pickup.minecraft.arrow":56,"stat.pickup.minecraft.iron_sword":1,"stat.pickup.minecraft.wooden_pressure_plate":3,"stat.pickup.minecraft.gold_nugget":11,"stat.pickup.minecraft.carrot":165,"stat.crouchOneCm":46350,"stat.mineBlock.minecraft.chest":9,"stat.craftItem.minecraft.iron_ingot":264,"stat.mineBlock.futuremc.lily_of_the_valley":1,"stat.craftingTableInteraction":145,"stat.mineBlock.minecraft.log2":5,"stat.useItem.futuremc.sweet_berries":49,"stat.pickup.minecraft.dye":280,"stat.pickup.minecraft.planks":76,"stat.craftItem.minecraft.diamond_shovel":2,"stat.pickup.minecraft.wheat_seeds":115,"stat.pickup.techguns.t1_miner_chestplate":8,"stat.mineBlock.minecraft.glass":6,"stat.mineBlock.minecraft.dirt":133,"stat.pickup.minecraft.poisonous_potato":4,"stat.pickup.minecraft.brewing_stand":3,"stat.useItem.minecraft.bread":22,"stat.drop.minecraft.rotten_flesh":64,"stat.useItem.minecraft.cobblestone":437,"stat.useItem.minecraft.gravel":66,"stat.mineBlock.minecraft.double_plant":1,"stat.drop.srparasites.parasitecanister":2,"stat.pickup.minecraft.iron_pickaxe":4,"stat.pickup.futuremc.blast_furnace":1,"stat.craftItem.minecraft.gold_ingot":145,"stat.pickup.minecraft.hopper":3,"stat.drop.minecraft.sapling":1,"stat.craftItem.quark.custom_bookshelf":4,"stat.pickup.minecraft.apple":3,"stat.craftItem.minecraft.planks":256,"stat.useItem.minecraft.iron_sword":2,"stat.itemEnchanted":7,"stat.pickup.minecraft.stone_sword":1,"stat.pickup.minecraft.book":367,"stat.useItem.minecraft.stonebrick":8,"stat.mineBlock.minecraft.log":88,"stat.pickup.charm.bat_bucket":4,"stat.useItem.carryon.entity_item":7,"stat.pickup.minecraft.iron_door":6,"stat.pickup.spartanweaponry.greatsword_diamond":1,"stat.pickup.minecraft.red_flower":3,"stat.pickup.minecraft.wool":10,"stat.useItem.spartanweaponry.staff_tin":6,"stat.useItem.minecraft.wooden_axe":14,"stat.craftItem.minecraft.diamond_leggings":3,"stat.useItem.minecraft.iron_axe":311,"stat.mineBlock.minecraft.cobblestone":95,"stat.pickup.minecraft.stone_pickaxe":1,"stat.pickup.minecraft.flint":9,"stat.useItem.techguns.basicore":9,"stat.drop.spartanweaponry.rapier_iron":1,"stat.pickup.minecraft.leather_chestplate":5,"stat.mineBlock.srparasites.gore":73,"stat.craftItem.minecraft.wool":3,"stat.mineBlock.minecraft.stained_glass_pane":21,"stat.craftItem.techguns.goldenrevolver":2,"stat.pickup.minecraft.enchanted_book":4,"stat.useItem.spartanweaponry.rapier_iron":194,"stat.pickup.spartanshields.shield_basic_iron":1,"stat.drop.minecraft.cobblestone":6,"stat.useItem.minecraft.stone_slab2":160,"stat.pickup.minecraft.bow":2,"stat.pickup.minecraft.iron_boots":1,"stat.pickup.minecraft.stone_hoe":3,"stat.craftItem.minecraft.furnace":10,"stat.useItem.minecraft.egg":2,"stat.mineBlock.minecraft.obsidian":17,"stat.craftItem.minecraft.chainmail_helmet":1,"stat.mineBlock.minecraft.clay":15,"stat.pickup.futuremc.sweet_berries":49,"stat.flyOneCm":1046291,"stat.craftItem.minecraft.stained_glass":6,"stat.timeSinceDeath":2769,"stat.useItem.minecraft.wooden_slab":16,"stat.pickup.minecraft.chainmail_helmet":5,"stat.mineBlock.minecraft.enchanting_table":2,"stat.mineBlock.minecraft.coal_ore":190,"stat.pickup.minecraft.wooden_sword":2,"stat.drop.minecraft.baked_potato":1,"stat.pickup.minecraft.string":39,"stat.mineBlock.minecraft.ladder":2,"stat.pickup.tombstone.crafting_ingredient":14,"stat.pickup.nocubessrpsurvival.redflesh":20,"stat.sprintOneCm":685779,"stat.useItem.minecraft.diamond_shovel":148,"stat.mineBlock.minecraft.stone_slab":32,"stat.craftItem.minecraft.wooden_axe":1,"stat.useItem.tombstone.magic_scroll":1,"stat.useItem.carryon.tile_item":6,"stat.mineBlock.minecraft.diamond_ore":325,"stat.pickup.nocubessrpnests.organicsample":70,"stat.pickup.minecraft.leather_leggings":2,"stat.mineBlock.sapturretmod.electrolyte_generator":1,"stat.useItem.minecraft.wooden_sword":54,"stat.useItem.minecraft.ladder":1,"stat.killEntity.Zombie":85,"stat.craftItem.minecraft.dye":111,"stat.mineBlock.minecraft.gold_ore":174,"stat.diveOneCm":10381,"stat.pickup.minecraft.wheat":19,"stat.pickup.minecraft.stone_axe":1,"stat.pickup.minecraft.obsidian":20,"stat.useItem.minecraft.rotten_flesh":30,"stat.jump":6542,"stat.pickup.minecraft.coal":539,"stat.pickup.minecraft.iron_ingot":10,"stat.craftItem.minecraft.lever":1,"stat.pickup.minecraft.gunpowder":115,"stat.craftItem.minecraft.torch":220,"stat.pickup.minecraft.dirt":232,"stat.drop.techguns.t1_miner_leggings":1,"stat.pickup.minecraft.gold_ore":172,"stat.mineBlock.minecraft.lapis_ore":39,"stat.pickup.minecraft.iron_axe":9,"stat.mineBlock.minecraft.glass_pane":1,"stat.brewingstandInteraction":1,"stat.damageTaken":27930,"stat.mineBlock.minecraft.torch":28,"stat.mineBlock.minecraft.red_flower":2,"stat.pickup.srparasites.assimilated_flesh":72,"stat.pickup.minecraft.log2":5,"stat.pickup.minecraft.bed":3,"stat.pickup.minecraft.potato":110,"stat.entityKilledBy.Zombie":1,"stat.craftItem.minecraft.stone_slab":180,"stat.pickup.techguns.itemshared":571,"stat.useItem.minecraft.chest":3,"stat.craftItem.spartanweaponry.staff_tin":3,"stat.useItem.minecraft.lava_bucket":2,"stat.mineBlock.srparasites.canisteractive":2,"stat.craftItem.minecraft.wheat":108,"stat.mineBlock.techguns.basicmachine":3,"stat.useItem.tombstone.gift":2,"stat.pickup.minecraft.baked_potato":26,"stat.useItem.minecraft.stained_hardened_clay":182,"stat.useItem.quark.custom_bookshelf":3,"stat.craftItem.nocubessrpsurvival.ruptersalad":14,"stat.pickup.minecraft.ladder":6,"stat.pickup.minecraft.cooked_beef":5,"stat.craftItem.minecraft.bookshelf":15,"stat.craftItem.techguns.itemshared":331,"stat.mineBlock.minecraft.stonebrick":23,"stat.killEntity.techguns.AlienBug":3,"stat.mobKills":328,"stat.mineBlock.minecraft.bookshelf":49,"stat.useItem.minecraft.cobblestone_wall":1,"stat.pickup.srparasites.ada_reeker_drop":3,"stat.pickup.minecraft.diamond":326,"stat.pickup.minecraft.torch":217,"stat.useItem.minecraft.bookshelf":9,"stat.entityKilledBy.techguns.ZombieMiner":1,"stat.craftItem.minecraft.iron_axe":3,"stat.killEntity.Blaze":42,"stat.pickup.srparasites.parasitecanister":62,"stat.drop.quark.glass_shards":59,"stat.useItem.minecraft.planks":2,"stat.pickup.minecraft.glowstone_dust":9,"stat.pickup.minecraft.glass":2,"stat.craftItem.minecraft.golden_apple":2,"stat.useItem.spartanweaponry.greatsword_diamond":2,"stat.mineBlock.nocubessrpnests.nestegg":14,"stat.pickup.minecraft.name_tag":4,"stat.pickup.minecraft.wooden_hoe":2,"stat.pickup.nocubessrpnests.neststonespikes":1,"stat.pickup.quark.rune":10,"stat.killEntity.techguns.ZombieFarmer":3,"stat.craftItem.spartanshields.shield_basic_wood":1,"stat.hopperInspected":6,"stat.pickup.spartanweaponry.greatsword_iron":2,"stat.craftItem.minecraft.golden_carrot":58,"stat.pickup.srparasites.lurecomponent2":2,"stat.pickup.srparasites.lurecomponent3":3,"stat.pickup.srparasites.lurecomponent1":45,"stat.pickup.minecraft.filled_map":1,"stat.pickup.minecraft.furnace":7,"stat.useItem.minecraft.redstone":2,"stat.drop.minecraft.stained_hardened_clay":3,"stat.pickup.minecraft.iron_chestplate":2,"stat.pickup.tombstone.magic_scroll":3,"stat.pickup.futuremc.lily_of_the_valley":2,"stat.pickup.srparasites.ada_manducater_drop":1,"stat.pickup.charm.totem_of_shielding":1,"stat.pickup.spartanshields.shield_basic_obsidian":2,"stat.playOneMinute":570760,"stat.pickup.techguns.handcannon":3,"stat.pickup.minecraft.blaze_rod":23,"stat.drop.techguns.handcannon":1,"stat.pickup.minecraft.iron_bars":2,"stat.pickup.charm.charged_emerald":2,"stat.craftItem.spartanshields.shield_basic_lead":1,"stat.fallOneCm":137318,"stat.craftItem.minecraft.chest":7,"stat.mineBlock.minecraft.lever":1,"stat.useItem.minecraft.iron_hoe":16,"stat.useItem.nocubessrpsurvival.flesheater":220,"stat.useItem.charm.bat_bucket":1,"stat.pickup.minecraft.feather":3,"stat.killEntity.techguns.ZombieMiner":8,"stat.useItem.minecraft.furnace":7,"stat.pickup.minecraft.iron_leggings":2,"stat.mineBlock.minecraft.gravel":98,"stat.useItem.minecraft.stone_pickaxe":134,"stat.drop.charm.bat_bucket":1,"stat.drop.minecraft.iron_axe":3,"stat.useItem.minecraft.torch":207,"stat.pickup.minecraft.crafting_table":10,"stat.mineBlock.techguns.basicore":135,"stat.craftItem.minecraft.crafting_table":9,"stat.mineBlock.quark.stone_speleothem":4,"stat.pickup.minecraft.iron_hoe":1,"stat.pickup.minecraft.log":113,"stat.pickup.usefulbackpacks.backpack":9,"stat.pickup.minecraft.sapling":4,"stat.pickup.srparasites.bone":2,"stat.mineBlock.overlast.red_leaves":12,"stat.useItem.nocubessrpsurvival.ruptersalad":11,"stat.sneakTime":20817,"stat.mineBlock.minecraft.cobblestone_wall":17,"stat.entityKilledBy.Blaze":1,"stat.useItem.minecraft.baked_potato":69,"stat.pickup.minecraft.stone_slab":46,"stat.mineBlock.minecraft.jukebox":1,"stat.drop.minecraft.wooden_axe":1,"stat.pickup.minecraft.chest":2,"stat.craftItem.minecraft.diamond_chestplate":3,"stat.pickup.minecraft.bone":44,"stat.pickup.minecraft.redstone_torch":1,"stat.craftItem.minecraft.diamond_helmet":3,"stat.useItem.spartanweaponry.greatsword_iron":185,"stat.swimOneCm":13303,"stat.pickup.quark.glass_shards":143,"stat.climbOneCm":88760,"stat.pickup.capsule.capsule":10,"stat.pickup.minecraft.golden_helmet":2,"stat.useItem.minecraft.dirt":91,"stat.pickup.spartanweaponry.rapier_iron":4,"stat.pickup.minecraft.enchanting_table":2,"stat.pickup.minecraft.anvil":5,"stat.craftItem.minecraft.stone_pickaxe":1,"stat.pickup.minecraft.cobblestone":2323,"stat.drop.srparasites.bone":1,"stat.pickup.minecraft.glass_bottle":5,"stat.mineBlock.quark.custom_chest":2,"stat.drop.minecraft.wheat_seeds":3,"stat.pickup.charm.record_piano3":1,"stat.useItem.minecraft.cooked_beef":35,"stat.craftItem.minecraft.wooden_slab":18,"stat.drop.minecraft.clay_ball":20,"stat.pickup.minecraft.redstone":387,"stat.mineBlock.minecraft.iron_ore":292,"stat.killEntity.techguns.SkeletonSoldier":1,"stat.pickup.minecraft.wooden_axe":2,"stat.pickup.minecraft.stonebrick":28,"stat.drop.minecraft.dirt":3,"stat.pickup.spartanweaponry.material":5,"stat.craftItem.minecraft.stone_slab2":0,"stat.mineBlock.futuremc.blast_furnace":1,"stat.craftItem.minecraft.stick":92,"stat.useItem.minecraft.stone_slab":202,"stat.craftItem.minecraft.gold_nugget":477,"stat.craftItem.minecraft.stone":3,"stat.pickup.techguns.t1_miner_leggings":2,"stat.mineBlock.minecraft.crafting_table":10,"stat.mineBlock.minecraft.quartz_block":9,"stat.useItem.minecraft.diamond_pickaxe":3851,"stat.useItem.minecraft.carrot":33,"stat.pickup.minecraft.golden_horse_armor":1,"stat.mineBlock.minecraft.planks":2,"stat.drop":52,"stat.pickup.minecraft.golden_chestplate":1,"stat.craftItem.minecraft.diamond_pickaxe":4,"stat.drop.minecraft.bread":4,"stat.craftItem.spartanweaponry.rapier_iron":1,"stat.pickup.minecraft.gravel":106,"stat.mineBlock.minecraft.anvil":4,"stat.pickup.minecraft.iron_helmet":2,"stat.useItem.minecraft.stone_axe":165,"stat.craftItem.minecraft.bread":40,"stat.pickup.minecraft.spider_eye":9,"stat.pickup.minecraft.iron_ore":308,"stat.mineBlock.minecraft.iron_bars":3,"stat.craftItem.minecraft.flint_and_steel":1,"stat.pickup.quark.custom_chest":2,"stat.pickup.minecraft.leather":4,"stat.craftItem.nocubessrpsurvival.flesheater":2,"stat.craftItem.techguns.revolver":1,"stat.mineBlock.minecraft.furnace":5,"stat.useItem.minecraft.wooden_pickaxe":13,"tombstone:undead_killed":25,"stat.pickup.srparasites.canisteractive":5,"stat.damageDealt":55400,"stat.craftItem.minecraft.cauldron":1,"stat.craftItem.minecraft.bowl":8,"stat.craftItem.minecraft.baked_potato":85,"stat.pickup.techguns.basicmachine":2,"stat.walkOneCm":1545899,"stat.useItem.quark.custom_chest":1,"stat.playerKills":4,"stat.pickup.minecraft.stick":10,"stat.pickup.sapturretmod.electrolyte_generator":1,"stat.pickup.techguns.t1_miner_boots":3,"stat.pickup.minecraft.clay_ball":70,"stat.craftItem.minecraft.diamond_boots":3,"stat.pickup.techguns.t1_combat_boots":1,"stat.pickup.minecraft.stone":51,"stat.pickup.minecraft.gold_ingot":2,"stat.killEntity.Skeleton":19,"stat.craftItem.techguns.basicmachine":1,"stat.mineBlock.quark.custom_bookshelf":4,"stat.mineBlock.minecraft.redstone_torch":1,"stat.killEntity.Spider":14,"stat.pickup.minecraft.bread":17,"stat.craftItem.quark.andesite_speleothem":6,"stat.useItem.minecraft.golden_apple":5,"stat.mineBlock.minecraft.leaves":73,"stat.mineBlock.srparasites.parasitecanister":23,"stat.mineBlock.minecraft.redstone_ore":62,"stat.pickup.minecraft.lava_bucket":4,"stat.mineBlock.minecraft.hay_block":12,"stat.craftItem.minecraft.brick":29,"stat.mineBlock.minecraft.stone":3357}