{"stat.chestOpened":9,"stat.pickup.techguns.itemshared":2,"stat.walkOneCm":129791,"stat.pickup.minecraft.bone":2,"stat.pickup.minecraft.brewing_stand":3,"stat.useItem.minecraft.torch":6,"stat.drop.minecraft.rotten_flesh":64,"stat.pickup.minecraft.crafting_table":3,"stat.pickup.minecraft.stonebrick":5,"stat.mineBlock.minecraft.anvil":2,"stat.furnaceInteraction":7,"stat.craftItem.minecraft.crafting_table":1,"stat.mineBlock.minecraft.coal_ore":10,"stat.pickup.srparasites.lurecomponent1":2,"stat.pickup.minecraft.string":9,"stat.mineBlock.minecraft.stained_glass_pane":2,"stat.mineBlock.minecraft.stained_glass":27,"stat.jump":400,"stat.pickup.quark.glass_shards":66,"stat.drop.quark.glass_shards":15,"stat.pickup.minecraft.coal":10,"stat.fallOneCm":9066,"stat.climbOneCm":23315,"stat.mineBlock.minecraft.web":4,"stat.pickup.minecraft.carrot":1,"stat.useItem.minecraft.stone_axe":88,"stat.pickup.minecraft.stone":2,"stat.crouchOneCm":3098,"stat.pickup.minecraft.spider_eye":5,"stat.craftItem.minecraft.torch":16,"stat.useItem.minecraft.stained_hardened_clay":10,"stat.mineBlock.minecraft.stained_hardened_clay":54,"stat.sprintOneCm":79089,"stat.useItem.minecraft.stained_glass":2,"stat.useItem.minecraft.stone_slab2":9,"stat.craftItem.minecraft.stick":12,"stat.craftingTableInteraction":8,"stat.pickup.minecraft.rotten_flesh":46,"stat.killEntity.Skeleton":3,"stat.mineBlock.minecraft.iron_bars":1,"stat.useItem.carryon.tile_item":2,"stat.mineBlock.minecraft.stonebrick":5,"stat.craftItem.minecraft.planks":16,"stat.craftItem.minecraft.stone_axe":2,"stat.mineBlock.minecraft.log2":4,"stat.pickup.minecraft.anvil":2,"stat.damageTaken":1234,"stat.killEntity.Spider":8,"stat.mineBlock.minecraft.crafting_table":3,"stat.pickup.minecraft.cobblestone_wall":2,"stat.killEntity.techguns.ZombieMiner":1,"stat.craftItem.minecraft.stone_pickaxe":1,"stat.useItem.minecraft.wooden_pickaxe":8,"stat.mobKills":47,"stat.pickup.minecraft.cobblestone":11,"stat.pickup.minecraft.book":30,"stat.mineBlock.minecraft.bookshelf":10,"stat.pickup.minecraft.log2":4,"stat.pickup.minecraft.planks":7,"stat.flyOneCm":53461,"stat.useItem.minecraft.cobblestone_wall":1,"stat.drop":8,"stat.mineBlock.minecraft.leaves":1,"stat.playOneMinute":30235,"stat.useItem.minecraft.wooden_sword":54,"stat.useItem.minecraft.stone_pickaxe":100,"stat.useItem.minecraft.cooked_beef":13,"stat.mineBlock.minecraft.glass":2,"stat.sneakTime":1626,"stat.craftItem.minecraft.stained_glass":6,"stat.mineBlock.minecraft.cobblestone_wall":2,"stat.damageDealt":7735,"stat.killEntity.Zombie":17,"stat.timeSinceDeath":30235,"stat.pickup.minecraft.iron_bars":1,"stat.pickup.minecraft.stained_hardened_clay":47,"stat.craftItem.minecraft.wooden_pickaxe":1,"stat.mineBlock.minecraft.stone":13}