{"stat.useItem.minecraft.iron_axe":39,"stat.leaveGame":13,"stat.drop.minecraft.stone_shovel":1,"stat.mineBlock.minecraft.cobblestone":43,"stat.drop.minecraft.gunpowder":1,"stat.pickup.minecraft.stone_pickaxe":1,"stat.craftItem.minecraft.iron_axe":1,"stat.pickup.quark.limestone":57,"stat.mineBlock.srparasites.gore":3,"stat.entityKilledBy.techguns.ZombieFarmer":1,"stat.swimOneCm":22259,"stat.useItem.techguns.lamp0":2,"stat.climbOneCm":3720,"stat.pickup.capsule.capsule":2,"stat.killEntity.techguns.ZombieSoldier":2,"stat.pickup.minecraft.porkchop":3,"stat.useItem.minecraft.dirt":4,"stat.useItem.minecraft.stone_slab2":32,"stat.pickup.minecraft.iron_boots":2,"stat.useItem.minecraft.water_bucket":21,"stat.pickup.minecraft.rotten_flesh":2,"stat.pickup.minecraft.stone_hoe":1,"stat.craftItem.minecraft.furnace":2,"stat.useItem.minecraft.egg":1,"stat.craftItem.minecraft.iron_boots":1,"stat.craftItem.spartanshields.shield_basic_diamond":1,"stat.pickup.minecraft.bucket":2,"stat.craftItem.minecraft.cooked_beef":5,"stat.pickup.minecraft.cobblestone":1338,"stat.useItem.minecraft.stone_shovel":28,"stat.entityKilledBy.techguns.ZombieSoldier":1,"stat.flyOneCm":96973,"stat.craftItem.minecraft.iron_shovel":1,"stat.pickup.minecraft.fish":1,"stat.useItem.minecraft.cooked_beef":15,"stat.killEntity.techguns.ZombieFarmer":1,"stat.pickup.quark.tallow":3,"stat.pickup.minecraft.redstone":68,"stat.mineBlock.minecraft.iron_ore":122,"stat.timeSinceDeath":4437,"stat.craftItem.spartanshields.shield_basic_wood":1,"stat.useItem.minecraft.iron_pickaxe":1461,"stat.useItem.minecraft.iron_shovel":184,"stat.pickup.techguns.basicore":73,"stat.furnaceInteraction":60,"stat.pickup.minecraft.iron_shovel":2,"stat.pickup.srparasites.lurecomponent2":1,"stat.mineBlock.minecraft.coal_ore":179,"stat.pickup.techguns.lamp0":3,"stat.pickup.srparasites.lurecomponent1":8,"stat.killEntity.Creeper":1,"stat.pickup.minecraft.furnace":4,"stat.useItem.minecraft.cooked_mutton":3,"stat.pickup.spartanshields.shield_basic_diamond":1,"stat.craftItem.minecraft.stone_slab2":0,"stat.sprintOneCm":47727,"stat.pickup.minecraft.iron_chestplate":2,"stat.drop.minecraft.leather":1,"stat.craftItem.minecraft.stick":60,"stat.mineBlock.overlast.yellow_leaves":2,"stat.mineBlock.minecraft.diamond_ore":4,"stat.mineBlock.minecraft.crafting_table":6,"stat.drop.minecraft.golden_apple":1,"stat.deaths":3,"stat.drop":5,"stat.pickup.minecraft.egg":1,"stat.playOneMinute":115553,"stat.useItem.minecraft.ladder":5,"stat.craftItem.minecraft.iron_pickaxe":6,"stat.mineBlock.minecraft.gold_ore":27,"stat.mineBlock.minecraft.tallgrass":13,"stat.diveOneCm":29308,"stat.pickup.minecraft.wheat":8,"stat.pickup.minecraft.cooked_mutton":3,"stat.chestOpened":9,"stat.craftItem.minecraft.ladder":6,"stat.pickup.minecraft.iron_sword":1,"stat.useItem.minecraft.porkchop":3,"stat.jump":867,"stat.pickup.minecraft.coal":210,"stat.pickup.minecraft.iron_helmet":2,"stat.fallOneCm":12378,"stat.pickup.minecraft.iron_ingot":16,"stat.craftItem.minecraft.bread":1,"stat.pickup.minecraft.gunpowder":6,"stat.crouchOneCm":33652,"stat.craftItem.minecraft.iron_ingot":97,"stat.craftItem.minecraft.torch":80,"stat.pickup.minecraft.dirt":330,"stat.craftItem.minecraft.iron_helmet":1,"stat.craftingTableInteraction":24,"stat.pickup.minecraft.iron_ore":139,"stat.pickup.minecraft.stone_shovel":1,"stat.pickup.minecraft.gold_ore":27,"stat.useItem.minecraft.sapling":1,"stat.mineBlock.minecraft.lapis_ore":5,"stat.drop.quark.tallow":3,"stat.pickup.minecraft.iron_axe":2,"stat.mineBlock.quark.limestone":57,"stat.pickup.minecraft.wooden_pickaxe":1,"stat.damageTaken":3599,"stat.pickup.minecraft.leather":2,"stat.mineBlock.minecraft.torch":12,"stat.mineBlock.minecraft.furnace":3,"stat.pickup.minecraft.dye":56,"stat.pickup.minecraft.planks":42,"stat.pickup.minecraft.iron_leggings":2,"stat.pickup.minecraft.wheat_seeds":9,"stat.craftItem.minecraft.iron_leggings":1,"stat.damageDealt":4004,"stat.mineBlock.minecraft.dirt":221,"stat.killEntity.Pig":1,"stat.craftItem.minecraft.iron_sword":1,"stat.craftItem.minecraft.stone_shovel":1,"stat.pickup.techguns.itemshared":4,"stat.walkOneCm":324790,"stat.useItem.minecraft.torch":87,"stat.useItem.minecraft.bread":1,"stat.pickup.minecraft.golden_apple":6,"stat.pickup.minecraft.stick":8,"stat.craftItem.quark.custom_chest":2,"stat.pickup.minecraft.crafting_table":7,"stat.useItem.minecraft.cobblestone":509,"stat.mineBlock.techguns.basicore":45,"stat.craftItem.minecraft.crafting_table":1,"stat.mineBlock.quark.stone_speleothem":5,"stat.pickup.minecraft.log":10,"stat.pickup.minecraft.iron_pickaxe":2,"stat.craftItem.minecraft.gold_ingot":16,"stat.craftItem.minecraft.iron_chestplate":2,"stat.pickup.minecraft.sapling":2,"stat.pickup.minecraft.cooked_beef":11,"stat.craftItem.techguns.itemshared":34,"stat.craftItem.minecraft.bucket":1,"stat.craftItem.minecraft.planks":40,"stat.useItem.minecraft.iron_sword":42,"stat.mobKills":17,"stat.mineBlock.minecraft.log":10,"stat.useItem.minecraft.golden_apple":5,"stat.pickup.minecraft.diamond":4,"stat.pickup.minecraft.torch":56,"stat.mineBlock.srparasites.parasitecanister":6,"stat.mineBlock.minecraft.redstone_ore":14,"stat.sneakTime":12618,"stat.mineBlock.minecraft.stone":949}