{"stat.pickup.spartanweaponry.club_wood":1,"stat.leaveGame":14,"stat.useItem.minecraft.bookshelf":9,"stat.craftItem.minecraft.iron_axe":1,"stat.mineBlock.minecraft.stained_glass":28,"stat.pickup.srparasites.parasitecanister":12,"stat.drop.quark.glass_shards":52,"stat.mineBlock.minecraft.web":4,"stat.pickup.minecraft.rotten_flesh":73,"stat.craftItem.minecraft.golden_apple":2,"stat.craftItem.minecraft.stone_axe":2,"stat.mineBlock.nocubessrpnests.nestegg":14,"stat.pickup.minecraft.cobblestone_wall":3,"stat.pickup.minecraft.wooden_hoe":1,"stat.pickup.minecraft.leather_boots":1,"stat.useItem.minecraft.anvil":1,"stat.pickup.quark.rune":4,"stat.killEntity.Witch":2,"stat.useItem.minecraft.iron_pickaxe":201,"stat.pickup.minecraft.stained_hardened_clay":120,"stat.craftItem.minecraft.wooden_pickaxe":1,"stat.pickup.spartanweaponry.greatsword_iron":1,"stat.furnaceInteraction":13,"stat.pickup.srparasites.lurecomponent2":1,"stat.pickup.srparasites.lurecomponent3":3,"stat.pickup.srparasites.lurecomponent1":16,"stat.pickup.minecraft.furnace":2,"stat.pickup.minecraft.leather_helmet":1,"stat.mineBlock.minecraft.stained_hardened_clay":129,"stat.useItem.minecraft.stained_glass":2,"stat.pickup.minecraft.iron_chestplate":1,"stat.pickup.minecraft.potion":1,"stat.pickup.srparasites.ada_manducater_drop":1,"stat.pickup.minecraft.bowl":5,"stat.playOneMinute":105630,"stat.pickup.techguns.handcannon":1,"stat.craftItem.minecraft.iron_pickaxe":2,"stat.drop.techguns.handcannon":1,"stat.pickup.minecraft.iron_bars":2,"stat.drop.minecraft.glass_bottle":1,"stat.chestOpened":53,"stat.pickup.minecraft.arrow":29,"stat.pickup.minecraft.wooden_pressure_plate":1,"stat.fallOneCm":12554,"stat.pickup.minecraft.carrot":1,"stat.crouchOneCm":14031,"stat.mineBlock.minecraft.chest":1,"stat.craftItem.minecraft.chest":2,"stat.craftItem.minecraft.iron_ingot":6,"stat.useItem.minecraft.iron_hoe":16,"stat.craftingTableInteraction":35,"stat.mineBlock.minecraft.log2":4,"stat.killEntity.techguns.ZombieMiner":3,"stat.useItem.minecraft.furnace":1,"stat.pickup.minecraft.planks":59,"stat.pickup.minecraft.iron_leggings":1,"stat.pickup.minecraft.wheat_seeds":2,"stat.pickup.techguns.t1_miner_chestplate":1,"stat.useItem.minecraft.stone_pickaxe":134,"stat.mineBlock.minecraft.glass":2,"stat.mineBlock.minecraft.dirt":10,"stat.pickup.minecraft.brewing_stand":3,"stat.useItem.minecraft.torch":20,"stat.useItem.minecraft.bread":3,"stat.drop.minecraft.rotten_flesh":64,"stat.pickup.minecraft.crafting_table":3,"stat.useItem.minecraft.cobblestone":64,"stat.craftItem.minecraft.crafting_table":5,"stat.drop.srparasites.parasitecanister":2,"stat.pickup.minecraft.iron_hoe":1,"stat.pickup.minecraft.log":28,"stat.pickup.minecraft.iron_pickaxe":1,"stat.pickup.usefulbackpacks.backpack":2,"stat.craftItem.minecraft.gold_ingot":18,"stat.craftItem.quark.custom_bookshelf":4,"stat.pickup.minecraft.apple":2,"stat.craftItem.minecraft.planks":128,"stat.useItem.nocubessrpsurvival.ruptersalad":5,"stat.pickup.minecraft.book":57,"stat.useItem.minecraft.stonebrick":1,"stat.mineBlock.minecraft.log":21,"stat.pickup.minecraft.iron_door":2,"stat.sneakTime":8750,"stat.pickup.minecraft.wool":1,"stat.mineBlock.minecraft.cobblestone_wall":3,"stat.useItem.minecraft.wooden_axe":9,"stat.pickup.minecraft.stone_slab":9,"stat.drop.minecraft.wooden_axe":1,"stat.pickup.minecraft.bone":27,"stat.useItem.minecraft.iron_axe":32,"stat.mineBlock.minecraft.cobblestone":62,"stat.pickup.minecraft.stone_pickaxe":1,"stat.pickup.minecraft.leather_chestplate":1,"stat.mineBlock.srparasites.gore":41,"stat.mineBlock.minecraft.stained_glass_pane":10,"stat.useItem.spartanweaponry.greatsword_iron":146,"stat.swimOneCm":375,"stat.pickup.quark.glass_shards":83,"stat.climbOneCm":33835,"stat.pickup.capsule.capsule":1,"stat.pickup.spartanshields.shield_basic_iron":1,"stat.pickup.minecraft.golden_helmet":1,"stat.useItem.minecraft.stone_slab2":61,"stat.pickup.minecraft.bow":1,"stat.pickup.minecraft.enchanting_table":1,"stat.pickup.minecraft.anvil":2,"stat.craftItem.minecraft.stone_pickaxe":1,"stat.pickup.minecraft.cobblestone":137,"stat.flyOneCm":130330,"stat.pickup.minecraft.glass_bottle":1,"stat.useItem.minecraft.cooked_beef":24,"stat.craftItem.minecraft.wooden_slab":18,"stat.craftItem.minecraft.stained_glass":6,"stat.pickup.minecraft.redstone":6,"stat.timeSinceDeath":105630,"stat.useItem.minecraft.wooden_slab":16,"stat.pickup.minecraft.wooden_axe":1,"stat.pickup.minecraft.stonebrick":11,"stat.mineBlock.minecraft.enchanting_table":1,"stat.mineBlock.minecraft.coal_ore":25,"stat.pickup.minecraft.wooden_sword":1,"stat.pickup.minecraft.string":19,"stat.mineBlock.minecraft.ladder":2,"stat.craftItem.minecraft.stone_slab2":0,"stat.sprintOneCm":128209,"stat.mineBlock.minecraft.stone_slab":7,"stat.craftItem.minecraft.stick":24,"stat.craftItem.minecraft.wooden_axe":1,"stat.useItem.minecraft.stone_slab":114,"stat.useItem.carryon.tile_item":4,"stat.pickup.nocubessrpnests.organicsample":24,"stat.mineBlock.minecraft.crafting_table":4,"stat.pickup.minecraft.leather_leggings":1,"stat.mineBlock.minecraft.planks":1,"stat.drop":24,"stat.useItem.minecraft.wooden_sword":54,"stat.useItem.minecraft.ladder":1,"stat.pickup.minecraft.golden_chestplate":1,"stat.killEntity.Zombie":22,"stat.pickup.minecraft.wheat":1,"stat.mineBlock.minecraft.anvil":2,"stat.useItem.minecraft.rotten_flesh":20,"stat.jump":1049,"stat.pickup.minecraft.coal":89,"stat.pickup.minecraft.iron_helmet":1,"stat.useItem.minecraft.stone_axe":155,"stat.pickup.minecraft.gunpowder":3,"stat.pickup.minecraft.spider_eye":7,"stat.craftItem.minecraft.torch":40,"stat.pickup.minecraft.dirt":13,"stat.mineBlock.minecraft.iron_bars":2,"stat.pickup.minecraft.iron_axe":1,"stat.damageTaken":3471,"stat.pickup.minecraft.leather":3,"stat.mineBlock.minecraft.torch":4,"stat.useItem.minecraft.wooden_pickaxe":8,"stat.pickup.srparasites.assimilated_flesh":23,"stat.pickup.minecraft.log2":4,"stat.pickup.srparasites.canisteractive":1,"stat.damageDealt":19318,"stat.craftItem.minecraft.bowl":4,"stat.craftItem.minecraft.stone_slab":108,"stat.pickup.techguns.itemshared":248,"stat.walkOneCm":361981,"stat.pickup.minecraft.stick":5,"stat.pickup.techguns.t1_miner_boots":1,"stat.useItem.minecraft.lava_bucket":1,"stat.mineBlock.srparasites.canisteractive":1,"stat.pickup.minecraft.stone":2,"stat.useItem.minecraft.stained_hardened_clay":90,"stat.useItem.quark.custom_bookshelf":3,"stat.craftItem.nocubessrpsurvival.ruptersalad":7,"stat.pickup.minecraft.ladder":6,"stat.killEntity.Skeleton":12,"stat.mineBlock.quark.custom_bookshelf":4,"stat.craftItem.minecraft.bookshelf":14,"stat.mineBlock.minecraft.stonebrick":11,"stat.killEntity.Spider":10,"stat.pickup.minecraft.bread":3,"stat.mobKills":115,"stat.mineBlock.minecraft.bookshelf":13,"stat.useItem.minecraft.cobblestone_wall":1,"stat.pickup.srparasites.ada_reeker_drop":1,"stat.mineBlock.minecraft.leaves":5,"stat.mineBlock.srparasites.parasitecanister":9,"stat.pickup.minecraft.torch":106,"stat.pickup.minecraft.lava_bucket":1,"stat.mineBlock.minecraft.stone":16}