{"stat.pickup.spartanweaponry.club_wood":1,"stat.leaveGame":39,"stat.craftItem.quark.world_stone_pavement":45,"stat.useItem.minecraft.bookshelf":9,"stat.craftItem.minecraft.iron_axe":2,"stat.pickup.tombstone.familiar_stone":1,"stat.killEntity.Blaze":31,"stat.mineBlock.minecraft.stained_glass":32,"stat.pickup.srparasites.parasitecanister":23,"stat.drop.quark.glass_shards":54,"stat.useItem.minecraft.planks":2,"stat.craftItem.minecraft.shield":1,"stat.mineBlock.minecraft.web":6,"stat.pickup.srparasites.ada_arachnida_drop":1,"stat.craftItem.techguns.t1_miner_chestplate":1,"stat.pickup.minecraft.rotten_flesh":142,"stat.craftItem.minecraft.golden_apple":2,"stat.craftItem.sapturretmod.electrolyte_generator":1,"stat.craftItem.minecraft.stone_axe":2,"stat.mineBlock.nocubessrpnests.nestegg":14,"stat.pickup.minecraft.name_tag":4,"stat.pickup.minecraft.cobblestone_wall":18,"stat.pickup.minecraft.wooden_hoe":1,"stat.pickup.minecraft.leather_boots":1,"stat.useItem.minecraft.anvil":1,"stat.pickup.quark.rune":9,"stat.killEntity.Witch":5,"stat.killEntity.techguns.ZombieFarmer":3,"stat.craftItem.spartanshields.shield_basic_wood":1,"stat.hopperInspected":6,"stat.useItem.minecraft.iron_pickaxe":1399,"stat.pickup.minecraft.stained_hardened_clay":565,"stat.craftItem.minecraft.wooden_pickaxe":1,"stat.pickup.spartanweaponry.greatsword_iron":2,"stat.mineBlock.minecraft.vine":5,"stat.mineBlock.minecraft.hopper":3,"stat.pickup.techguns.basicore":149,"stat.craftItem.minecraft.golden_carrot":58,"stat.furnaceInteraction":203,"stat.useItem.minecraft.golden_carrot":13,"stat.drop.minecraft.gravel":18,"stat.craftItem.spartanweaponry.material":1,"stat.pickup.srparasites.lurecomponent2":1,"stat.pickup.srparasites.lurecomponent3":3,"stat.pickup.srparasites.lurecomponent1":29,"stat.pickup.minecraft.filled_map":1,"stat.pickup.minecraft.furnace":7,"stat.useItem.minecraft.redstone":2,"stat.pickup.minecraft.hay_block":12,"stat.pickup.minecraft.leather_helmet":1,"stat.mineBlock.minecraft.stained_hardened_clay":418,"stat.useItem.minecraft.stained_glass":2,"stat.pickup.minecraft.iron_chestplate":2,"stat.pickup.tombstone.magic_scroll":3,"stat.pickup.minecraft.potion":6,"stat.useItem.minecraft.wheat_seeds":1,"stat.pickup.srparasites.ada_manducater_drop":1,"stat.useItem.minecraft.dye":109,"stat.pickup.charm.totem_of_shielding":1,"stat.pickup.minecraft.lever":1,"stat.pickup.minecraft.bowl":14,"stat.deaths":8,"stat.pickup.spartanshields.shield_basic_obsidian":2,"stat.pickup.minecraft.egg":8,"stat.playOneMinute":512042,"stat.pickup.techguns.handcannon":3,"stat.pickup.minecraft.blaze_rod":14,"stat.craftItem.minecraft.iron_pickaxe":6,"stat.drop.techguns.handcannon":1,"stat.pickup.minecraft.iron_bars":2,"stat.drop.minecraft.glass_bottle":1,"stat.drop.minecraft.iron_ingot":1,"stat.craftItem.minecraft.repeater":1,"stat.mineBlock.minecraft.tallgrass":7,"stat.chestOpened":325,"stat.pickup.minecraft.arrow":44,"stat.pickup.minecraft.wooden_pressure_plate":1,"stat.pickup.charm.charged_emerald":2,"stat.pickup.minecraft.gold_nugget":2,"stat.craftItem.spartanshields.shield_basic_lead":1,"stat.fallOneCm":67675,"stat.pickup.minecraft.carrot":115,"stat.crouchOneCm":42461,"stat.mineBlock.minecraft.chest":1,"stat.craftItem.minecraft.chest":7,"stat.craftItem.minecraft.iron_ingot":264,"stat.mineBlock.minecraft.lever":1,"stat.useItem.minecraft.iron_hoe":16,"stat.useItem.nocubessrpsurvival.flesheater":184,"stat.craftingTableInteraction":134,"stat.mineBlock.minecraft.log2":5,"stat.useItem.futuremc.sweet_berries":49,"stat.pickup.minecraft.feather":1,"stat.killEntity.techguns.ZombieMiner":7,"stat.useItem.minecraft.furnace":7,"stat.pickup.minecraft.dye":219,"stat.pickup.minecraft.planks":72,"stat.pickup.minecraft.iron_leggings":2,"stat.craftItem.minecraft.diamond_shovel":2,"stat.pickup.minecraft.wheat_seeds":11,"stat.pickup.techguns.t1_miner_chestplate":7,"stat.mineBlock.minecraft.gravel":97,"stat.useItem.minecraft.stone_pickaxe":134,"stat.mineBlock.minecraft.glass":6,"stat.mineBlock.minecraft.dirt":130,"stat.pickup.minecraft.poisonous_potato":4,"stat.drop.minecraft.iron_axe":3,"stat.pickup.minecraft.brewing_stand":3,"stat.useItem.minecraft.torch":207,"stat.useItem.minecraft.bread":21,"stat.drop.minecraft.rotten_flesh":64,"stat.pickup.minecraft.crafting_table":10,"stat.useItem.minecraft.cobblestone":436,"stat.mineBlock.techguns.basicore":135,"stat.craftItem.minecraft.crafting_table":9,"stat.useItem.minecraft.gravel":66,"stat.mineBlock.minecraft.double_plant":1,"stat.drop.srparasites.parasitecanister":2,"stat.mineBlock.quark.stone_speleothem":4,"stat.pickup.minecraft.iron_hoe":1,"stat.pickup.minecraft.log":113,"stat.pickup.minecraft.iron_pickaxe":4,"stat.pickup.usefulbackpacks.backpack":8,"stat.craftItem.minecraft.gold_ingot":145,"stat.pickup.minecraft.hopper":3,"stat.drop.minecraft.sapling":1,"stat.craftItem.quark.custom_bookshelf":4,"stat.pickup.minecraft.sapling":4,"stat.pickup.minecraft.apple":3,"stat.pickup.srparasites.bone":1,"stat.mineBlock.overlast.red_leaves":12,"stat.craftItem.minecraft.planks":256,"stat.itemEnchanted":6,"stat.useItem.nocubessrpsurvival.ruptersalad":11,"stat.pickup.minecraft.book":362,"stat.useItem.minecraft.stonebrick":8,"stat.mineBlock.minecraft.log":88,"stat.pickup.charm.bat_bucket":2,"stat.useItem.carryon.entity_item":7,"stat.pickup.minecraft.iron_door":6,"stat.pickup.minecraft.red_flower":2,"stat.sneakTime":19683,"stat.pickup.minecraft.wool":9,"stat.mineBlock.minecraft.cobblestone_wall":16,"stat.entityKilledBy.Blaze":1,"stat.useItem.minecraft.baked_potato":66,"stat.useItem.minecraft.wooden_axe":14,"stat.pickup.minecraft.stone_slab":33,"stat.drop.minecraft.wooden_axe":1,"stat.craftItem.minecraft.diamond_chestplate":3,"stat.pickup.minecraft.bone":42,"stat.craftItem.minecraft.diamond_leggings":3,"stat.pickup.minecraft.redstone_torch":1,"stat.useItem.minecraft.iron_axe":311,"stat.mineBlock.minecraft.cobblestone":91,"stat.pickup.minecraft.stone_pickaxe":1,"stat.pickup.minecraft.flint":8,"stat.useItem.techguns.basicore":8,"stat.drop.spartanweaponry.rapier_iron":1,"stat.pickup.minecraft.leather_chestplate":5,"stat.mineBlock.srparasites.gore":71,"stat.craftItem.minecraft.wool":3,"stat.craftItem.minecraft.diamond_helmet":3,"stat.mineBlock.minecraft.stained_glass_pane":17,"stat.useItem.spartanweaponry.greatsword_iron":185,"stat.swimOneCm":11858,"stat.pickup.quark.glass_shards":129,"stat.craftItem.techguns.goldenrevolver":2,"stat.climbOneCm":69574,"stat.pickup.minecraft.enchanted_book":4,"stat.useItem.spartanweaponry.rapier_iron":194,"stat.pickup.capsule.capsule":9,"stat.pickup.spartanshields.shield_basic_iron":1,"stat.drop.minecraft.cobblestone":6,"stat.pickup.minecraft.golden_helmet":2,"stat.useItem.minecraft.dirt":91,"stat.useItem.minecraft.stone_slab2":141,"stat.pickup.minecraft.bow":1,"stat.pickup.spartanweaponry.rapier_iron":4,"stat.pickup.minecraft.stone_hoe":2,"stat.craftItem.minecraft.furnace":10,"stat.pickup.minecraft.enchanting_table":1,"stat.useItem.minecraft.egg":1,"stat.pickup.minecraft.anvil":2,"stat.craftItem.minecraft.stone_pickaxe":1,"stat.mineBlock.minecraft.obsidian":17,"stat.pickup.minecraft.cobblestone":2235,"stat.craftItem.minecraft.chainmail_helmet":1,"stat.mineBlock.minecraft.clay":15,"stat.pickup.futuremc.sweet_berries":49,"stat.flyOneCm":673644,"stat.pickup.minecraft.glass_bottle":5,"stat.drop.minecraft.wheat_seeds":1,"stat.pickup.charm.record_piano3":1,"stat.useItem.minecraft.cooked_beef":35,"stat.craftItem.minecraft.wooden_slab":18,"stat.craftItem.minecraft.stained_glass":6,"stat.pickup.minecraft.redstone":307,"stat.mineBlock.minecraft.iron_ore":292,"stat.timeSinceDeath":234031,"stat.useItem.minecraft.wooden_slab":16,"stat.killEntity.techguns.SkeletonSoldier":1,"stat.pickup.minecraft.wooden_axe":2,"stat.pickup.minecraft.chainmail_helmet":5,"stat.pickup.minecraft.stonebrick":22,"stat.mineBlock.minecraft.enchanting_table":1,"stat.drop.minecraft.dirt":3,"stat.mineBlock.minecraft.coal_ore":190,"stat.pickup.minecraft.wooden_sword":2,"stat.drop.minecraft.baked_potato":1,"stat.pickup.minecraft.string":33,"stat.pickup.spartanweaponry.material":1,"stat.mineBlock.minecraft.ladder":2,"stat.pickup.tombstone.crafting_ingredient":8,"stat.pickup.nocubessrpsurvival.redflesh":15,"stat.craftItem.minecraft.stone_slab2":0,"stat.sprintOneCm":514780,"stat.useItem.minecraft.diamond_shovel":148,"stat.mineBlock.minecraft.stone_slab":32,"stat.craftItem.minecraft.stick":92,"stat.craftItem.minecraft.wooden_axe":1,"stat.useItem.tombstone.magic_scroll":1,"stat.useItem.minecraft.stone_slab":201,"stat.useItem.carryon.tile_item":5,"stat.craftItem.minecraft.gold_nugget":477,"stat.craftItem.minecraft.stone":3,"stat.mineBlock.minecraft.diamond_ore":325,"stat.pickup.nocubessrpnests.organicsample":48,"stat.mineBlock.minecraft.crafting_table":10,"stat.mineBlock.minecraft.quartz_block":9,"stat.useItem.minecraft.diamond_pickaxe":3825,"stat.useItem.minecraft.carrot":33,"stat.pickup.minecraft.golden_horse_armor":1,"stat.pickup.minecraft.leather_leggings":2,"stat.mineBlock.minecraft.planks":2,"stat.mineBlock.sapturretmod.electrolyte_generator":1,"stat.drop":40,"stat.useItem.minecraft.wooden_sword":54,"stat.useItem.minecraft.ladder":1,"stat.pickup.minecraft.golden_chestplate":1,"stat.craftItem.minecraft.diamond_pickaxe":4,"stat.killEntity.Zombie":83,"stat.craftItem.minecraft.dye":111,"stat.drop.minecraft.bread":4,"stat.mineBlock.minecraft.gold_ore":174,"stat.diveOneCm":9730,"stat.pickup.minecraft.wheat":14,"stat.craftItem.spartanweaponry.rapier_iron":1,"stat.pickup.minecraft.gravel":106,"stat.mineBlock.minecraft.anvil":2,"stat.pickup.minecraft.stone_axe":1,"stat.pickup.minecraft.obsidian":20,"stat.useItem.minecraft.rotten_flesh":30,"stat.jump":4944,"stat.pickup.minecraft.coal":393,"stat.pickup.minecraft.iron_helmet":2,"stat.pickup.minecraft.iron_ingot":2,"stat.craftItem.minecraft.lever":1,"stat.useItem.minecraft.stone_axe":155,"stat.pickup.minecraft.gunpowder":109,"stat.craftItem.minecraft.bread":39,"stat.pickup.minecraft.spider_eye":9,"stat.craftItem.minecraft.torch":220,"stat.pickup.minecraft.dirt":229,"stat.pickup.minecraft.iron_ore":308,"stat.mineBlock.minecraft.iron_bars":3,"stat.pickup.minecraft.gold_ore":172,"stat.mineBlock.minecraft.lapis_ore":39,"stat.craftItem.minecraft.flint_and_steel":1,"stat.pickup.minecraft.iron_axe":9,"stat.mineBlock.minecraft.glass_pane":1,"stat.brewingstandInteraction":1,"stat.damageTaken":23297,"stat.pickup.minecraft.leather":4,"stat.craftItem.nocubessrpsurvival.flesheater":1,"stat.craftItem.techguns.revolver":1,"stat.mineBlock.minecraft.torch":22,"stat.mineBlock.minecraft.furnace":5,"stat.mineBlock.minecraft.red_flower":2,"stat.useItem.minecraft.wooden_pickaxe":13,"stat.pickup.srparasites.assimilated_flesh":35,"stat.pickup.minecraft.log2":5,"tombstone:undead_killed":22,"stat.pickup.minecraft.potato":88,"stat.pickup.srparasites.canisteractive":2,"stat.entityKilledBy.Zombie":1,"stat.damageDealt":53735,"stat.craftItem.minecraft.cauldron":1,"stat.craftItem.minecraft.bowl":8,"stat.craftItem.minecraft.baked_potato":85,"stat.pickup.techguns.basicmachine":1,"stat.craftItem.minecraft.stone_slab":180,"stat.pickup.techguns.itemshared":501,"stat.walkOneCm":1392566,"stat.useItem.minecraft.chest":2,"stat.playerKills":1,"stat.pickup.minecraft.stick":10,"stat.pickup.sapturretmod.electrolyte_generator":1,"stat.pickup.techguns.t1_miner_boots":2,"stat.pickup.minecraft.clay_ball":50,"stat.useItem.minecraft.lava_bucket":2,"stat.mineBlock.srparasites.canisteractive":2,"stat.craftItem.minecraft.diamond_boots":3,"stat.pickup.techguns.t1_combat_boots":1,"stat.craftItem.minecraft.wheat":108,"stat.mineBlock.techguns.basicmachine":1,"stat.pickup.minecraft.stone":51,"stat.pickup.minecraft.baked_potato":20,"stat.useItem.minecraft.stained_hardened_clay":164,"stat.useItem.quark.custom_bookshelf":3,"stat.craftItem.nocubessrpsurvival.ruptersalad":14,"stat.pickup.minecraft.ladder":6,"stat.pickup.minecraft.cooked_beef":5,"stat.killEntity.Skeleton":19,"stat.craftItem.techguns.basicmachine":1,"stat.mineBlock.quark.custom_bookshelf":4,"stat.craftItem.minecraft.bookshelf":15,"stat.craftItem.techguns.itemshared":331,"stat.mineBlock.minecraft.stonebrick":23,"stat.killEntity.techguns.AlienBug":3,"stat.mineBlock.minecraft.redstone_torch":1,"stat.killEntity.Spider":14,"stat.pickup.minecraft.bread":17,"stat.craftItem.quark.andesite_speleothem":6,"stat.mobKills":303,"stat.mineBlock.minecraft.bookshelf":49,"stat.useItem.minecraft.golden_apple":2,"stat.useItem.minecraft.cobblestone_wall":1,"stat.pickup.srparasites.ada_reeker_drop":1,"stat.pickup.minecraft.diamond":326,"stat.mineBlock.minecraft.leaves":68,"stat.mineBlock.srparasites.parasitecanister":19,"stat.pickup.minecraft.torch":197,"stat.mineBlock.minecraft.redstone_ore":62,"stat.pickup.minecraft.lava_bucket":4,"stat.mineBlock.minecraft.hay_block":12,"stat.craftItem.minecraft.brick":29,"stat.mineBlock.minecraft.stone":3353}