{"stat.pickup.spartanweaponry.club_wood":1,"stat.leaveGame":18,"stat.useItem.minecraft.bookshelf":9,"stat.craftItem.minecraft.iron_axe":1,"stat.killEntity.Blaze":4,"stat.mineBlock.minecraft.stained_glass":28,"stat.pickup.srparasites.parasitecanister":12,"stat.drop.quark.glass_shards":54,"stat.mineBlock.minecraft.web":5,"stat.pickup.minecraft.rotten_flesh":123,"stat.craftItem.minecraft.golden_apple":2,"stat.craftItem.minecraft.stone_axe":2,"stat.mineBlock.nocubessrpnests.nestegg":14,"stat.pickup.minecraft.name_tag":2,"stat.pickup.minecraft.cobblestone_wall":5,"stat.pickup.minecraft.wooden_hoe":1,"stat.pickup.minecraft.leather_boots":1,"stat.useItem.minecraft.anvil":1,"stat.pickup.quark.rune":5,"stat.killEntity.Witch":5,"stat.killEntity.techguns.ZombieFarmer":2,"stat.useItem.minecraft.iron_pickaxe":333,"stat.pickup.minecraft.stained_hardened_clay":298,"stat.craftItem.minecraft.wooden_pickaxe":1,"stat.pickup.spartanweaponry.greatsword_iron":1,"stat.furnaceInteraction":13,"stat.craftItem.spartanweaponry.material":1,"stat.pickup.srparasites.lurecomponent2":1,"stat.pickup.srparasites.lurecomponent3":3,"stat.pickup.srparasites.lurecomponent1":20,"stat.pickup.minecraft.furnace":2,"stat.pickup.minecraft.leather_helmet":1,"stat.mineBlock.minecraft.stained_hardened_clay":238,"stat.useItem.minecraft.stained_glass":2,"stat.pickup.minecraft.iron_chestplate":1,"stat.pickup.minecraft.potion":4,"stat.pickup.srparasites.ada_manducater_drop":1,"stat.pickup.minecraft.bowl":5,"stat.deaths":2,"stat.pickup.minecraft.egg":1,"stat.playOneMinute":132020,"stat.pickup.techguns.handcannon":1,"stat.pickup.minecraft.blaze_rod":1,"stat.craftItem.minecraft.iron_pickaxe":2,"stat.drop.techguns.handcannon":1,"stat.pickup.minecraft.iron_bars":2,"stat.drop.minecraft.glass_bottle":1,"stat.mineBlock.minecraft.tallgrass":1,"stat.chestOpened":61,"stat.pickup.minecraft.arrow":34,"stat.pickup.minecraft.wooden_pressure_plate":1,"stat.fallOneCm":18005,"stat.pickup.minecraft.carrot":3,"stat.crouchOneCm":16255,"stat.mineBlock.minecraft.chest":1,"stat.craftItem.minecraft.chest":2,"stat.craftItem.minecraft.iron_ingot":6,"stat.useItem.minecraft.iron_hoe":16,"stat.craftingTableInteraction":38,"stat.mineBlock.minecraft.log2":4,"stat.useItem.futuremc.sweet_berries":26,"stat.killEntity.techguns.ZombieMiner":4,"stat.useItem.minecraft.furnace":1,"stat.pickup.minecraft.planks":59,"stat.pickup.minecraft.iron_leggings":1,"stat.pickup.minecraft.wheat_seeds":2,"stat.pickup.techguns.t1_miner_chestplate":2,"stat.useItem.minecraft.stone_pickaxe":134,"stat.mineBlock.minecraft.glass":4,"stat.mineBlock.minecraft.dirt":10,"stat.pickup.minecraft.brewing_stand":3,"stat.useItem.minecraft.torch":41,"stat.useItem.minecraft.bread":4,"stat.drop.minecraft.rotten_flesh":64,"stat.pickup.minecraft.crafting_table":3,"stat.useItem.minecraft.cobblestone":64,"stat.craftItem.minecraft.crafting_table":5,"stat.mineBlock.minecraft.double_plant":1,"stat.drop.srparasites.parasitecanister":2,"stat.pickup.minecraft.iron_hoe":1,"stat.pickup.minecraft.log":28,"stat.pickup.minecraft.iron_pickaxe":2,"stat.pickup.usefulbackpacks.backpack":3,"stat.craftItem.minecraft.gold_ingot":18,"stat.craftItem.quark.custom_bookshelf":4,"stat.pickup.minecraft.apple":2,"stat.craftItem.minecraft.planks":128,"stat.useItem.nocubessrpsurvival.ruptersalad":5,"stat.pickup.minecraft.book":132,"stat.useItem.minecraft.stonebrick":1,"stat.mineBlock.minecraft.log":21,"stat.pickup.charm.bat_bucket":1,"stat.pickup.minecraft.iron_door":4,"stat.sneakTime":9376,"stat.pickup.minecraft.wool":5,"stat.mineBlock.minecraft.cobblestone_wall":4,"stat.entityKilledBy.Blaze":1,"stat.useItem.minecraft.wooden_axe":9,"stat.pickup.minecraft.stone_slab":9,"stat.drop.minecraft.wooden_axe":1,"stat.pickup.minecraft.bone":31,"stat.useItem.minecraft.iron_axe":68,"stat.mineBlock.minecraft.cobblestone":67,"stat.pickup.minecraft.stone_pickaxe":1,"stat.pickup.minecraft.leather_chestplate":3,"stat.mineBlock.srparasites.gore":41,"stat.craftItem.minecraft.wool":3,"stat.mineBlock.minecraft.stained_glass_pane":14,"stat.useItem.spartanweaponry.greatsword_iron":185,"stat.swimOneCm":375,"stat.pickup.quark.glass_shards":85,"stat.climbOneCm":38420,"stat.pickup.minecraft.enchanted_book":2,"stat.useItem.spartanweaponry.rapier_iron":119,"stat.pickup.capsule.capsule":4,"stat.pickup.spartanshields.shield_basic_iron":1,"stat.pickup.minecraft.golden_helmet":1,"stat.useItem.minecraft.stone_slab2":64,"stat.pickup.minecraft.bow":1,"stat.pickup.spartanweaponry.rapier_iron":1,"stat.pickup.minecraft.enchanting_table":1,"stat.useItem.minecraft.egg":1,"stat.pickup.minecraft.anvil":2,"stat.craftItem.minecraft.stone_pickaxe":1,"stat.pickup.minecraft.cobblestone":142,"stat.craftItem.minecraft.chainmail_helmet":1,"stat.pickup.futuremc.sweet_berries":42,"stat.flyOneCm":180551,"stat.pickup.minecraft.glass_bottle":5,"stat.useItem.minecraft.cooked_beef":30,"stat.craftItem.minecraft.wooden_slab":18,"stat.craftItem.minecraft.stained_glass":6,"stat.pickup.minecraft.redstone":12,"stat.timeSinceDeath":10901,"stat.useItem.minecraft.wooden_slab":16,"stat.pickup.minecraft.wooden_axe":1,"stat.pickup.minecraft.chainmail_helmet":3,"stat.pickup.minecraft.stonebrick":12,"stat.mineBlock.minecraft.enchanting_table":1,"stat.mineBlock.minecraft.coal_ore":25,"stat.pickup.minecraft.wooden_sword":1,"stat.pickup.minecraft.string":26,"stat.mineBlock.minecraft.ladder":2,"stat.craftItem.minecraft.stone_slab2":0,"stat.sprintOneCm":174163,"stat.mineBlock.minecraft.stone_slab":9,"stat.craftItem.minecraft.stick":24,"stat.craftItem.minecraft.wooden_axe":1,"stat.useItem.minecraft.stone_slab":114,"stat.useItem.carryon.tile_item":4,"stat.pickup.nocubessrpnests.organicsample":48,"stat.mineBlock.minecraft.crafting_table":4,"stat.mineBlock.minecraft.quartz_block":6,"stat.pickup.minecraft.leather_leggings":2,"stat.mineBlock.minecraft.planks":1,"stat.drop":25,"stat.useItem.minecraft.wooden_sword":54,"stat.useItem.minecraft.ladder":1,"stat.pickup.minecraft.golden_chestplate":1,"stat.killEntity.Zombie":68,"stat.pickup.minecraft.wheat":1,"stat.craftItem.spartanweaponry.rapier_iron":1,"stat.mineBlock.minecraft.anvil":2,"stat.pickup.minecraft.obsidian":3,"stat.useItem.minecraft.rotten_flesh":24,"stat.jump":1441,"stat.pickup.minecraft.coal":120,"stat.pickup.minecraft.iron_helmet":1,"stat.useItem.minecraft.stone_axe":155,"stat.pickup.minecraft.gunpowder":35,"stat.pickup.minecraft.spider_eye":8,"stat.craftItem.minecraft.torch":56,"stat.pickup.minecraft.dirt":13,"stat.mineBlock.minecraft.iron_bars":3,"stat.pickup.minecraft.iron_axe":3,"stat.brewingstandInteraction":1,"stat.damageTaken":5142,"stat.pickup.minecraft.leather":3,"stat.mineBlock.minecraft.torch":5,"stat.useItem.minecraft.wooden_pickaxe":8,"stat.pickup.srparasites.assimilated_flesh":26,"stat.pickup.minecraft.log2":4,"stat.pickup.srparasites.canisteractive":1,"stat.entityKilledBy.Zombie":1,"stat.damageDealt":32903,"stat.craftItem.minecraft.bowl":4,"stat.craftItem.minecraft.stone_slab":108,"stat.pickup.techguns.itemshared":250,"stat.walkOneCm":466278,"stat.pickup.minecraft.stick":7,"stat.pickup.techguns.t1_miner_boots":1,"stat.useItem.minecraft.lava_bucket":2,"stat.mineBlock.srparasites.canisteractive":1,"stat.pickup.minecraft.stone":2,"stat.useItem.minecraft.stained_hardened_clay":104,"stat.useItem.quark.custom_bookshelf":3,"stat.craftItem.nocubessrpsurvival.ruptersalad":7,"stat.pickup.minecraft.ladder":6,"stat.killEntity.Skeleton":14,"stat.mineBlock.quark.custom_bookshelf":4,"stat.craftItem.minecraft.bookshelf":14,"stat.mineBlock.minecraft.stonebrick":12,"stat.killEntity.Spider":12,"stat.pickup.minecraft.bread":6,"stat.mobKills":187,"stat.mineBlock.minecraft.bookshelf":25,"stat.useItem.minecraft.golden_apple":1,"stat.useItem.minecraft.cobblestone_wall":1,"stat.pickup.srparasites.ada_reeker_drop":1,"stat.mineBlock.minecraft.leaves":5,"stat.mineBlock.srparasites.parasitecanister":9,"stat.pickup.minecraft.torch":114,"stat.pickup.minecraft.lava_bucket":2,"stat.mineBlock.minecraft.stone":16}