{"stat.chestOpened":12,"stat.walkOneCm":62923,"stat.pickup.minecraft.bone":1,"stat.drop.sapturretmod.ammo_cartridge":1,"stat.leaveGame":5,"stat.pickup.minecraft.crafting_table":1,"stat.pickup.techguns.t1_combat_leggings":1,"stat.useItem.minecraft.diamond_axe":5,"stat.useItem.minecraft.tnt":405,"stat.pickup.sapturretmod.ammo_cartridge":1,"stat.pickup.sapturretmod.assembly_upg_speed":1,"stat.pickup.nocubessrparmory.overlordcore":3,"stat.pickup.techguns.lamp0":4,"stat.useItem.srparasites.itemmobspawner_flog":1,"stat.pickup.srparasites.lurecomponent1":1,"stat.useItem.securitycraft.sentry":31,"stat.useItem.sapturretmod.turret_shotgun":2,"stat.pickup.minecraft.redstone_block":64,"stat.pickup.sapturretmod.assembly_upg_auto":1,"stat.pickup.minecraft.log":1,"stat.useItem.srparasites.itemmobspawner_dodsiv":1,"stat.swimOneCm":816,"stat.jump":242,"stat.climbOneCm":798,"stat.pickup.minecraft.iron_ingot":22,"stat.drop.usefulbackpacks.backpack":1,"stat.pickup.usefulbackpacks.backpack":1,"stat.killEntity.techguns.ZombieSoldier":1,"stat.pickup.minecraft.gunpowder":2,"stat.crouchOneCm":12093,"stat.enderchestOpened":4,"stat.useItem.sapturretmod.turret_laser":3,"stat.pickup.minecraft.dirt":17,"stat.pickup.srparasites.beckon_drop":5,"stat.sprintOneCm":17392,"stat.pickup.securitycraft.reinforced_obsidian":64,"stat.pickup.sapturretmod.ammo_shotgun_shell":64,"stat.useItem.minecraft.stone_slab2":759,"stat.useItem.securitycraft.secret_sign_item":3,"stat.pickup.minecraft.gold_ingot":64,"stat.pickup.sapturretmod.assembly_upg_redstone":1,"stat.pickup.securitycraft.reinforced_planks":64,"stat.killEntity.Chicken":1,"stat.pickup.sapturretmod.turret_shotgun":1,"stat.useItem.minecraft.flint_and_steel":13,"stat.pickup.sapturretmod.assembly_upg_filter":1,"stat.drop.minecraft.hardened_clay":1,"stat.useItem.srparasites.itemmobspawner_venkrolsiv":1,"stat.killEntity.techguns.ZombieMiner":2,"stat.mobKills":20,"stat.pickup.minecraft.cobblestone":3,"stat.pickup.nocubessrparmory.dreadnaughtcore":5,"stat.pickup.srparasites.assimilated_flesh":2,"stat.useItem.sapturretmod.turret_minigun":4,"stat.flyOneCm":248467,"stat.drop":3,"stat.pickup.minecraft.wheat_seeds":1,"stat.pickup.minecraft.brown_mushroom":1,"stat.pickup.minecraft.diamond":64,"stat.useItem.securitycraft.reinforced_planks":33,"stat.playOneMinute":77282,"stat.pickup.srparasites.dispatcher_drop":10,"stat.pickup.minecraft.red_flower":2,"stat.sneakTime":3303,"stat.damageDealt":550,"stat.pickup.minecraft.iron_block":64,"stat.timeSinceDeath":77282,"stat.killEntity.Cow":2,"stat.mineBlock.minecraft.dirt":1,"stat.mineBlock.minecraft.tallgrass":2,"stat.pickup.securitycraft.secret_sign_item":1}