{"stat.pickup.spartanweaponry.club_wood":1,"stat.leaveGame":25,"stat.craftItem.quark.world_stone_pavement":45,"stat.useItem.minecraft.bookshelf":9,"stat.craftItem.minecraft.iron_axe":1,"stat.killEntity.Blaze":4,"stat.mineBlock.minecraft.stained_glass":32,"stat.pickup.srparasites.parasitecanister":19,"stat.drop.quark.glass_shards":54,"stat.useItem.minecraft.planks":2,"stat.mineBlock.minecraft.web":5,"stat.pickup.minecraft.rotten_flesh":128,"stat.craftItem.minecraft.golden_apple":2,"stat.craftItem.minecraft.stone_axe":2,"stat.mineBlock.nocubessrpnests.nestegg":14,"stat.pickup.minecraft.name_tag":4,"stat.pickup.minecraft.cobblestone_wall":11,"stat.pickup.minecraft.wooden_hoe":1,"stat.pickup.minecraft.leather_boots":1,"stat.useItem.minecraft.anvil":1,"stat.pickup.quark.rune":9,"stat.killEntity.Witch":5,"stat.killEntity.techguns.ZombieFarmer":2,"stat.useItem.minecraft.iron_pickaxe":899,"stat.pickup.minecraft.stained_hardened_clay":440,"stat.craftItem.minecraft.wooden_pickaxe":1,"stat.pickup.spartanweaponry.greatsword_iron":2,"stat.pickup.techguns.basicore":52,"stat.craftItem.minecraft.golden_carrot":15,"stat.furnaceInteraction":71,"stat.useItem.minecraft.golden_carrot":2,"stat.craftItem.spartanweaponry.material":1,"stat.pickup.srparasites.lurecomponent2":1,"stat.pickup.srparasites.lurecomponent3":3,"stat.pickup.srparasites.lurecomponent1":24,"stat.pickup.minecraft.filled_map":1,"stat.pickup.minecraft.furnace":7,"stat.pickup.minecraft.hay_block":12,"stat.pickup.minecraft.leather_helmet":1,"stat.mineBlock.minecraft.stained_hardened_clay":258,"stat.useItem.minecraft.stained_glass":2,"stat.pickup.minecraft.iron_chestplate":2,"stat.pickup.minecraft.potion":6,"stat.useItem.minecraft.wheat_seeds":1,"stat.pickup.srparasites.ada_manducater_drop":1,"stat.useItem.minecraft.dye":109,"stat.pickup.charm.totem_of_shielding":1,"stat.pickup.minecraft.bowl":14,"stat.deaths":6,"stat.pickup.spartanshields.shield_basic_obsidian":1,"stat.pickup.minecraft.egg":7,"stat.playOneMinute":271864,"stat.pickup.techguns.handcannon":3,"stat.pickup.minecraft.blaze_rod":1,"stat.craftItem.minecraft.iron_pickaxe":4,"stat.drop.techguns.handcannon":1,"stat.pickup.minecraft.iron_bars":2,"stat.drop.minecraft.glass_bottle":1,"stat.mineBlock.minecraft.tallgrass":4,"stat.chestOpened":135,"stat.pickup.minecraft.arrow":36,"stat.pickup.minecraft.wooden_pressure_plate":1,"stat.pickup.charm.charged_emerald":2,"stat.pickup.minecraft.gold_nugget":2,"stat.fallOneCm":26824,"stat.pickup.minecraft.carrot":51,"stat.crouchOneCm":18870,"stat.mineBlock.minecraft.chest":1,"stat.craftItem.minecraft.chest":5,"stat.craftItem.minecraft.iron_ingot":86,"stat.useItem.minecraft.iron_hoe":16,"stat.craftingTableInteraction":66,"stat.mineBlock.minecraft.log2":5,"stat.useItem.futuremc.sweet_berries":49,"stat.pickup.minecraft.feather":1,"stat.killEntity.techguns.ZombieMiner":6,"stat.useItem.minecraft.furnace":4,"stat.pickup.minecraft.dye":91,"stat.pickup.minecraft.planks":71,"stat.pickup.minecraft.iron_leggings":2,"stat.craftItem.minecraft.diamond_shovel":1,"stat.pickup.minecraft.wheat_seeds":7,"stat.pickup.techguns.t1_miner_chestplate":5,"stat.mineBlock.minecraft.gravel":20,"stat.useItem.minecraft.stone_pickaxe":134,"stat.mineBlock.minecraft.glass":6,"stat.mineBlock.minecraft.dirt":37,"stat.pickup.minecraft.poisonous_potato":2,"stat.drop.minecraft.iron_axe":1,"stat.pickup.minecraft.brewing_stand":3,"stat.useItem.minecraft.torch":103,"stat.useItem.minecraft.bread":20,"stat.drop.minecraft.rotten_flesh":64,"stat.pickup.minecraft.crafting_table":7,"stat.useItem.minecraft.cobblestone":105,"stat.mineBlock.techguns.basicore":39,"stat.craftItem.minecraft.crafting_table":8,"stat.useItem.minecraft.gravel":11,"stat.mineBlock.minecraft.double_plant":1,"stat.drop.srparasites.parasitecanister":2,"stat.mineBlock.quark.stone_speleothem":2,"stat.pickup.minecraft.iron_hoe":1,"stat.pickup.minecraft.log":47,"stat.pickup.minecraft.iron_pickaxe":4,"stat.pickup.usefulbackpacks.backpack":7,"stat.craftItem.minecraft.gold_ingot":81,"stat.craftItem.quark.custom_bookshelf":4,"stat.pickup.minecraft.apple":2,"stat.pickup.srparasites.bone":1,"stat.craftItem.minecraft.planks":172,"stat.useItem.nocubessrpsurvival.ruptersalad":11,"stat.pickup.minecraft.book":362,"stat.useItem.minecraft.stonebrick":1,"stat.mineBlock.minecraft.log":22,"stat.pickup.charm.bat_bucket":2,"stat.pickup.minecraft.iron_door":6,"stat.pickup.minecraft.red_flower":2,"stat.sneakTime":11101,"stat.pickup.minecraft.wool":9,"stat.mineBlock.minecraft.cobblestone_wall":7,"stat.entityKilledBy.Blaze":1,"stat.useItem.minecraft.baked_potato":2,"stat.useItem.minecraft.wooden_axe":9,"stat.pickup.minecraft.stone_slab":9,"stat.drop.minecraft.wooden_axe":1,"stat.craftItem.minecraft.diamond_chestplate":1,"stat.pickup.minecraft.bone":31,"stat.craftItem.minecraft.diamond_leggings":1,"stat.useItem.minecraft.iron_axe":110,"stat.mineBlock.minecraft.cobblestone":67,"stat.pickup.minecraft.stone_pickaxe":1,"stat.pickup.minecraft.flint":2,"stat.useItem.techguns.basicore":8,"stat.drop.spartanweaponry.rapier_iron":1,"stat.pickup.minecraft.leather_chestplate":5,"stat.mineBlock.srparasites.gore":62,"stat.craftItem.minecraft.wool":3,"stat.craftItem.minecraft.diamond_helmet":1,"stat.mineBlock.minecraft.stained_glass_pane":16,"stat.useItem.spartanweaponry.greatsword_iron":185,"stat.swimOneCm":7034,"stat.pickup.quark.glass_shards":129,"stat.climbOneCm":47076,"stat.pickup.minecraft.enchanted_book":4,"stat.useItem.spartanweaponry.rapier_iron":194,"stat.pickup.capsule.capsule":9,"stat.pickup.spartanshields.shield_basic_iron":1,"stat.pickup.minecraft.golden_helmet":1,"stat.useItem.minecraft.dirt":35,"stat.useItem.minecraft.stone_slab2":100,"stat.pickup.minecraft.bow":1,"stat.pickup.spartanweaponry.rapier_iron":4,"stat.pickup.minecraft.stone_hoe":2,"stat.craftItem.minecraft.furnace":3,"stat.pickup.minecraft.enchanting_table":1,"stat.useItem.minecraft.egg":1,"stat.pickup.minecraft.anvil":2,"stat.craftItem.minecraft.stone_pickaxe":1,"stat.mineBlock.minecraft.obsidian":17,"stat.pickup.minecraft.cobblestone":1175,"stat.craftItem.minecraft.chainmail_helmet":1,"stat.pickup.futuremc.sweet_berries":49,"stat.flyOneCm":307668,"stat.pickup.minecraft.glass_bottle":5,"stat.drop.minecraft.wheat_seeds":1,"stat.useItem.minecraft.cooked_beef":35,"stat.craftItem.minecraft.wooden_slab":18,"stat.craftItem.minecraft.stained_glass":6,"stat.pickup.minecraft.redstone":71,"stat.mineBlock.minecraft.iron_ore":98,"stat.timeSinceDeath":0,"stat.useItem.minecraft.wooden_slab":16,"stat.pickup.minecraft.wooden_axe":1,"stat.pickup.minecraft.chainmail_helmet":5,"stat.pickup.minecraft.stonebrick":12,"stat.mineBlock.minecraft.enchanting_table":1,"stat.mineBlock.minecraft.coal_ore":107,"stat.pickup.minecraft.wooden_sword":2,"stat.pickup.minecraft.string":32,"stat.pickup.spartanweaponry.material":1,"stat.mineBlock.minecraft.ladder":2,"stat.craftItem.minecraft.stone_slab2":0,"stat.sprintOneCm":277080,"stat.useItem.minecraft.diamond_shovel":8,"stat.mineBlock.minecraft.stone_slab":9,"stat.craftItem.minecraft.stick":36,"stat.craftItem.minecraft.wooden_axe":1,"stat.useItem.minecraft.stone_slab":114,"stat.useItem.carryon.tile_item":4,"stat.craftItem.minecraft.gold_nugget":126,"stat.mineBlock.minecraft.diamond_ore":106,"stat.pickup.nocubessrpnests.organicsample":48,"stat.mineBlock.minecraft.crafting_table":7,"stat.mineBlock.minecraft.quartz_block":6,"stat.useItem.minecraft.diamond_pickaxe":805,"stat.useItem.minecraft.carrot":11,"stat.pickup.minecraft.golden_horse_armor":1,"stat.pickup.minecraft.leather_leggings":2,"stat.mineBlock.minecraft.planks":1,"stat.drop":32,"stat.useItem.minecraft.wooden_sword":54,"stat.useItem.minecraft.ladder":1,"stat.pickup.minecraft.golden_chestplate":1,"stat.craftItem.minecraft.diamond_pickaxe":1,"stat.killEntity.Zombie":69,"stat.craftItem.minecraft.dye":111,"stat.drop.minecraft.bread":4,"stat.mineBlock.minecraft.gold_ore":63,"stat.diveOneCm":1948,"stat.pickup.minecraft.wheat":9,"stat.craftItem.spartanweaponry.rapier_iron":1,"stat.pickup.minecraft.gravel":18,"stat.mineBlock.minecraft.anvil":2,"stat.pickup.minecraft.stone_axe":1,"stat.pickup.minecraft.obsidian":20,"stat.useItem.minecraft.rotten_flesh":26,"stat.jump":2465,"stat.pickup.minecraft.coal":293,"stat.pickup.minecraft.iron_helmet":2,"stat.pickup.minecraft.iron_ingot":1,"stat.useItem.minecraft.stone_axe":155,"stat.pickup.minecraft.gunpowder":108,"stat.craftItem.minecraft.bread":38,"stat.pickup.minecraft.spider_eye":9,"stat.craftItem.minecraft.torch":84,"stat.pickup.minecraft.dirt":159,"stat.pickup.minecraft.iron_ore":116,"stat.mineBlock.minecraft.iron_bars":3,"stat.pickup.minecraft.gold_ore":63,"stat.mineBlock.minecraft.lapis_ore":13,"stat.pickup.minecraft.iron_axe":7,"stat.brewingstandInteraction":1,"stat.damageTaken":8711,"stat.pickup.minecraft.leather":4,"stat.mineBlock.minecraft.torch":11,"stat.mineBlock.minecraft.furnace":5,"stat.useItem.minecraft.wooden_pickaxe":8,"stat.pickup.srparasites.assimilated_flesh":27,"stat.pickup.minecraft.log2":5,"stat.pickup.minecraft.potato":27,"stat.pickup.srparasites.canisteractive":2,"stat.entityKilledBy.Zombie":1,"stat.damageDealt":37152,"stat.craftItem.minecraft.bowl":8,"stat.craftItem.minecraft.baked_potato":27,"stat.craftItem.minecraft.stone_slab":108,"stat.pickup.techguns.itemshared":499,"stat.walkOneCm":775281,"stat.useItem.minecraft.chest":1,"stat.pickup.minecraft.stick":8,"stat.pickup.techguns.t1_miner_boots":2,"stat.useItem.minecraft.lava_bucket":2,"stat.mineBlock.srparasites.canisteractive":2,"stat.craftItem.minecraft.diamond_boots":1,"stat.craftItem.minecraft.wheat":108,"stat.pickup.minecraft.stone":50,"stat.useItem.minecraft.stained_hardened_clay":126,"stat.useItem.quark.custom_bookshelf":3,"stat.craftItem.nocubessrpsurvival.ruptersalad":14,"stat.pickup.minecraft.ladder":6,"stat.pickup.minecraft.cooked_beef":5,"stat.killEntity.Skeleton":14,"stat.mineBlock.quark.custom_bookshelf":4,"stat.craftItem.minecraft.bookshelf":14,"stat.craftItem.techguns.itemshared":4,"stat.mineBlock.minecraft.stonebrick":12,"stat.killEntity.techguns.AlienBug":3,"stat.killEntity.Spider":13,"stat.pickup.minecraft.bread":14,"stat.craftItem.quark.andesite_speleothem":6,"stat.mobKills":207,"stat.mineBlock.minecraft.bookshelf":49,"stat.useItem.minecraft.golden_apple":2,"stat.useItem.minecraft.cobblestone_wall":1,"stat.pickup.srparasites.ada_reeker_drop":1,"stat.pickup.minecraft.diamond":106,"stat.mineBlock.minecraft.leaves":6,"stat.mineBlock.srparasites.parasitecanister":16,"stat.pickup.minecraft.torch":183,"stat.mineBlock.minecraft.redstone_ore":9,"stat.pickup.minecraft.lava_bucket":4,"stat.mineBlock.minecraft.hay_block":12,"stat.mineBlock.minecraft.stone":905}