{"stat.useItem.nocubessrpsurvival.assimilatedsoup":3,"stat.leaveGame":4,"stat.entityKilledBy.techguns.ZombieMiner":1,"stat.pickup.srparasites.parasitecanister":1,"stat.useItem.minecraft.planks":3,"stat.mineBlock.minecraft.web":13,"stat.pickup.minecraft.porkchop":25,"stat.pickup.srparasites.ada_arachnida_drop":2,"stat.pickup.minecraft.rotten_flesh":3,"stat.pickup.minecraft.sand":50,"stat.craftItem.minecraft.stone_axe":1,"stat.craftItem.spartanweaponry.boomerang_stone":2,"stat.entityKilledBy.techguns.ZombieSoldier":1,"stat.craftItem.minecraft.stone_sword":2,"stat.pickup.minecraft.brown_mushroom":6,"stat.pickup.nocubessrpsurvival.molderedpie":1,"stat.killEntity.techguns.ZombieFarmer":1,"stat.pickup.quark.tallow":36,"stat.useItem.minecraft.iron_pickaxe":346,"stat.craftItem.minecraft.wooden_pickaxe":1,"stat.craftItem.spartanweaponry.boomerang_iron":1,"stat.pickup.spartanshields.shield_tower_wood":4,"stat.pickup.techguns.basicore":17,"stat.furnaceInteraction":44,"stat.mineBlock.minecraft.rail":5,"stat.craftItem.spartanweaponry.material":4,"stat.mineBlock.quark.slate":11,"stat.pickup.srparasites.lurecomponent1":58,"stat.pickup.minecraft.beef":8,"stat.pickup.minecraft.furnace":2,"stat.useItem.minecraft.cooked_mutton":2,"stat.drop.nocubessrpsurvival.assimilatedsoup":2,"stat.pickup.minecraft.iron_chestplate":5,"stat.pickup.nocubessrpsurvival.ruptersalad":1,"stat.useItem.spartanweaponry.halberd_iron":188,"stat.pickup.spartanweaponry.halberd_iron":5,"stat.deaths":9,"stat.pickup.minecraft.bowl":18,"stat.playOneMinute":160057,"stat.pickup.techguns.handcannon":1,"stat.useItem.nocubessrparmory.thereapertrue":66,"stat.craftItem.minecraft.iron_pickaxe":2,"stat.pickup.minecraft.item_frame":7,"stat.mineBlock.minecraft.tallgrass":15,"stat.craftItem.minecraft.cooked_mutton":2,"stat.chestOpened":19,"stat.useItem.minecraft.stone":13,"stat.useItem.spartanweaponry.boomerang_iron":5,"stat.pickup.minecraft.arrow":18,"stat.pickup.minecraft.gold_nugget":8,"stat.fallOneCm":19051,"stat.pickup.quark.slate":53,"stat.crouchOneCm":60017,"stat.pickup.minecraft.rail":7,"stat.craftItem.minecraft.iron_ingot":35,"stat.craftItem.minecraft.chest":2,"stat.craftingTableInteraction":42,"stat.pickup.minecraft.wooden_pickaxe":5,"stat.useItem.futuremc.sweet_berries":4,"stat.pickup.minecraft.feather":2,"stat.drop.minecraft.iron_leggings":1,"stat.killEntity.techguns.ZombieMiner":6,"stat.pickup.minecraft.planks":278,"stat.pickup.minecraft.iron_leggings":7,"stat.pickup.minecraft.wheat_seeds":1,"stat.useItem.minecraft.stone_pickaxe":130,"stat.useItem.minecraft.stone_sword":70,"stat.craftItem.minecraft.iron_leggings":1,"stat.useItem.minecraft.wool":1,"stat.mineBlock.minecraft.dirt":36,"stat.useItem.minecraft.bread":2,"stat.useItem.nocubessrpsurvival.molderedpie":5,"stat.pickup.minecraft.crafting_table":1,"stat.useItem.minecraft.cobblestone":112,"stat.mineBlock.techguns.basicore":11,"stat.craftItem.minecraft.crafting_table":5,"stat.pickup.minecraft.log":14,"stat.pickup.minecraft.iron_pickaxe":7,"stat.pickup.usefulbackpacks.backpack":3,"stat.craftItem.usefulbackpacks.backpack":2,"stat.pickup.minecraft.sapling":16,"stat.pickup.minecraft.wooden_door":40,"stat.pickup.minecraft.apple":2,"stat.craftItem.spartanshields.shield_tower_wood":1,"stat.craftItem.minecraft.planks":56,"stat.pickup.quark.root":1,"stat.pickup.minecraft.stone_sword":3,"stat.mineBlock.minecraft.log":16,"stat.craftItem.spartanweaponry.halberd_iron":1,"stat.pickup.nocubessrpsurvival.assimilatedsoup":1,"stat.sneakTime":21024,"stat.pickup.minecraft.wool":26,"stat.pickup.minecraft.bone":6,"stat.mineBlock.minecraft.cobblestone":24,"stat.pickup.minecraft.stone_pickaxe":4,"stat.mineBlock.srparasites.gore":3,"stat.mineBlock.minecraft.brown_mushroom":1,"stat.mineBlock.charm.crate_sealed":2,"stat.swimOneCm":73275,"stat.climbOneCm":2762,"stat.pickup.capsule.capsule":8,"stat.drop.minecraft.cobblestone":3,"stat.pickup.minecraft.cooked_porkchop":4,"stat.mineBlock.quark.roots":1,"stat.useItem.minecraft.dirt":2,"stat.useItem.minecraft.stone_slab2":16,"stat.craftItem.minecraft.furnace":2,"stat.drop.spartanweaponry.boomerang_stone":2,"stat.craftItem.minecraft.iron_boots":1,"stat.craftItem.minecraft.stone_pickaxe":1,"stat.craftItem.minecraft.cooked_beef":2,"stat.pickup.minecraft.cobblestone":1242,"stat.pickup.futuremc.sweet_berries":17,"stat.flyOneCm":148177,"stat.pickup.minecraft.sandstone":12,"stat.useItem.minecraft.cooked_beef":4,"stat.mineBlock.quark.andesite_speleothem":1,"stat.pickup.minecraft.redstone":50,"stat.mineBlock.minecraft.iron_ore":67,"stat.timeSinceDeath":25950,"stat.pickup.minecraft.mutton":9,"stat.pickup.minecraft.wooden_axe":5,"stat.pickup.minecraft.stonebrick":12,"stat.useItem.minecraft.cooked_porkchop":20,"stat.mineBlock.minecraft.coal_ore":23,"stat.pickup.minecraft.shield":2,"stat.pickup.minecraft.string":28,"stat.pickup.spartanweaponry.material":3,"stat.drop.usefulbackpacks.backpack":2,"stat.craftItem.minecraft.stone_slab2":0,"stat.drop.nocubessrpsurvival.molderedpie":4,"stat.sprintOneCm":94015,"stat.pickup.minecraft.paper":39,"stat.craftItem.nocubessrpsurvival.assimilatedsoup":5,"stat.pickup.spartanshields.shield_tower_iron":8,"stat.craftItem.minecraft.stick":24,"stat.pickup.techguns.t1_miner_leggings":6,"stat.drop.srparasites.ada_reeker_drop":1,"stat.mineBlock.minecraft.planks":3,"stat.drop":27,"stat.killEntity.Sheep":8,"stat.killEntity.Zombie":3,"stat.diveOneCm":20025,"stat.pickup.minecraft.wheat":19,"stat.drop.minecraft.wooden_pickaxe":1,"stat.craftItem.minecraft.cooked_porkchop":19,"stat.pickup.minecraft.stone_axe":14,"stat.useItem.nocubessrpsurvival.roastedlumps":2,"stat.useItem.minecraft.apple":1,"stat.drop.minecraft.cooked_porkchop":10,"stat.pickup.minecraft.stone_brick_stairs":2,"stat.jump":1529,"stat.pickup.minecraft.coal":169,"stat.pickup.minecraft.iron_ingot":10,"stat.useItem.minecraft.stone_axe":33,"stat.pickup.minecraft.gunpowder":8,"stat.craftItem.minecraft.bread":2,"stat.pickup.minecraft.spider_eye":2,"stat.pickup.minecraft.dirt":301,"stat.craftItem.minecraft.iron_helmet":1,"stat.pickup.minecraft.iron_ore":66,"stat.pickup.minecraft.leather":28,"stat.damageTaken":5441,"stat.mineBlock.minecraft.furnace":1,"stat.useItem.minecraft.wooden_pickaxe":34,"stat.pickup.srparasites.assimilated_flesh":15,"stat.pickup.srparasites.canisteractive":1,"stat.useItem.spartanweaponry.halberd_stone":101,"stat.damageDealt":23919,"stat.craftItem.minecraft.bowl":4,"stat.killEntity.Cow":1,"stat.killEntity.Pig":12,"stat.drop.techguns.itemshared":1,"stat.pickup.techguns.itemshared":126,"stat.walkOneCm":443338,"stat.useItem.minecraft.chest":1,"stat.pickup.minecraft.stick":32,"stat.pickup.minecraft.clay_ball":3,"stat.pickup.techguns.t1_miner_boots":1,"stat.mineBlock.srparasites.canisteractive":1,"stat.pickup.minecraft.stone":34,"stat.craftItem.minecraft.iron_chestplate":1,"stat.pickup.spartanweaponry.halberd_stone":7,"stat.pickup.minecraft.cooked_beef":2,"stat.killEntity.Skeleton":3,"stat.useItem.quark.slate":2,"stat.mineBlock.minecraft.stonebrick":7,"stat.killEntity.Spider":1,"stat.pickup.minecraft.bread":1,"stat.mobKills":179,"stat.pickup.srparasites.ada_reeker_drop":2,"stat.mineBlock.minecraft.leaves":10,"stat.pickup.minecraft.torch":4,"stat.mineBlock.minecraft.stone":352,"stat.craftItem.spartanshields.shield_tower_iron":2}