{"stat.useItem.nocubessrpsurvival.assimilatedsoup":18,"stat.leaveGame":9,"stat.craftItem.minecraft.iron_axe":1,"stat.mineBlock.minecraft.sandstone":4,"stat.pickup.srparasites.parasitecanister":7,"stat.useItem.minecraft.planks":42,"stat.craftItem.minecraft.shield":1,"stat.pickup.nocubessrpnests.neststonedark":12,"stat.pickup.srparasites.ada_arachnida_drop":2,"stat.drop.minecraft.iron_sword":1,"stat.pickup.minecraft.rotten_flesh":11,"stat.pickup.minecraft.sand":132,"stat.pickup.minecraft.hardened_clay":1,"stat.pickup.minecraft.brick_block":5,"stat.craftItem.minecraft.stone_axe":1,"stat.mineBlock.nocubessrpnests.nestegg":13,"stat.craftItem.spartanweaponry.boomerang_stone":1,"stat.mineBlock.techguns.concrete":1,"stat.entityKilledBy.techguns.ZombieSoldier":1,"stat.craftItem.minecraft.stone_sword":1,"stat.useItem.spartanweaponry.boomerang_stone":1,"stat.pickup.nocubessrpnests.neststonespikes":12,"stat.craftItem.minecraft.iron_shovel":2,"stat.mineBlock.minecraft.sand":126,"stat.pickup.quark.marble":62,"stat.killEntity.techguns.ZombieFarmer":7,"stat.pickup.quark.tallow":32,"stat.useItem.minecraft.iron_pickaxe":330,"stat.craftItem.minecraft.wooden_pickaxe":1,"stat.useItem.minecraft.iron_shovel":341,"stat.craftItem.spartanweaponry.boomerang_iron":1,"stat.craftItem.minecraft.glass_pane":16,"stat.drop.spartanweaponry.longsword_iron":2,"stat.pickup.techguns.basicore":12,"stat.furnaceInteraction":47,"stat.pickup.srparasites.lurecomponent2":2,"stat.pickup.srparasites.lurecomponent3":17,"stat.mineBlock.futuremc.cornflower":1,"stat.pickup.techguns.lamp0":18,"stat.pickup.srparasites.lurecomponent1":77,"stat.drop.minecraft.red_flower":2,"stat.mineBlock.techguns.metalpanel":1,"stat.pickup.minecraft.beef":24,"stat.useItem.minecraft.cooked_mutton":5,"stat.pickup.minecraft.furnace":4,"stat.useItem.quark.marble":1,"stat.drop.nocubessrpsurvival.assimilatedsoup":3,"stat.pickup.minecraft.iron_chestplate":7,"stat.pickup.minecraft.potion":2,"stat.pickup.nocubessrpnests.neststonelight":14,"stat.pickup.srparasites.ada_manducater_drop":4,"stat.pickup.charm.totem_of_shielding":1,"stat.pickup.minecraft.bowl":24,"stat.deaths":11,"stat.pickup.minecraft.egg":3,"stat.craftItem.spartanweaponry.longsword_iron":1,"stat.playOneMinute":334109,"stat.pickup.techguns.handcannon":1,"stat.useItem.nocubessrparmory.thereapertrue":231,"stat.craftItem.minecraft.iron_pickaxe":3,"stat.drop.techguns.handcannon":1,"stat.drop.minecraft.iron_ingot":13,"stat.mineBlock.minecraft.tallgrass":113,"stat.pickup.minecraft.cooked_mutton":5,"stat.chestOpened":113,"stat.killEntity.quark:crab":1,"stat.useItem.spartanweaponry.boomerang_iron":53,"stat.pickup.minecraft.arrow":8,"stat.mineBlock.nocubessrpnests.neststonedark":13,"stat.craftItem.minecraft.coal":1,"stat.drop.minecraft.iron_pickaxe":1,"stat.fallOneCm":64679,"stat.pickup.minecraft.carrot":176,"stat.drop.minecraft.stone_sword":1,"stat.crouchOneCm":107707,"stat.craftItem.minecraft.iron_ingot":4,"stat.useItem.quark.root_flower":1,"stat.craftingTableInteraction":71,"stat.pickup.minecraft.jungle_door":1,"stat.pickup.minecraft.wooden_pickaxe":4,"stat.pickup.minecraft.feather":2,"stat.drop.minecraft.iron_leggings":1,"stat.killEntity.techguns.ZombieMiner":8,"stat.pickup.minecraft.planks":361,"stat.pickup.minecraft.iron_leggings":3,"stat.pickup.minecraft.wheat_seeds":65,"stat.pickup.spartanweaponry.boomerang_iron":5,"stat.useItem.minecraft.stone_pickaxe":81,"stat.useItem.minecraft.stone_sword":19,"stat.mineBlock.minecraft.dirt":241,"stat.drop.minecraft.iron_axe":1,"stat.useItem.minecraft.bread":10,"stat.useItem.minecraft.torch":15,"stat.pickup.minecraft.golden_apple":23,"stat.pickup.minecraft.crafting_table":8,"stat.useItem.minecraft.cobblestone":143,"stat.mineBlock.techguns.basicore":11,"stat.craftItem.minecraft.crafting_table":1,"stat.mineBlock.nocubessrpnests.neststonelight":15,"stat.mineBlock.minecraft.double_plant":3,"stat.mineBlock.quark.stone_speleothem":1,"stat.pickup.minecraft.log":10,"stat.pickup.minecraft.iron_pickaxe":2,"stat.drop.minecraft.carrot":14,"stat.pickup.usefulbackpacks.backpack":8,"stat.craftItem.usefulbackpacks.backpack":4,"stat.drop.minecraft.sapling":3,"stat.pickup.minecraft.chicken":1,"stat.pickup.minecraft.sapling":15,"stat.pickup.minecraft.apple":15,"stat.craftItem.spartanshields.shield_tower_wood":1,"stat.craftItem.minecraft.planks":40,"stat.useItem.minecraft.iron_sword":58,"stat.pickup.futuremc.cornflower":5,"stat.pickup.quark.root":1,"stat.mineBlock.minecraft.log":10,"stat.craftItem.minecraft.cooked_chicken":1,"stat.pickup.nocubessrpsurvival.assimilatedsoup":1,"stat.pickup.minecraft.red_flower":2,"stat.sneakTime":33433,"stat.pickup.minecraft.wool":24,"stat.pickup.minecraft.bone":10,"stat.pickup.spartanweaponry.longsword_iron":7,"stat.mineBlock.minecraft.cobblestone":8,"stat.pickup.minecraft.stone_pickaxe":4,"stat.craftItem.srparasites.infestremain":32,"stat.mineBlock.srparasites.gore":27,"stat.useItem.minecraft.diamond_sword":3,"stat.mineBlock.charm.crate_sealed":1,"stat.swimOneCm":18589,"stat.useItem.techguns.lamp0":3,"stat.climbOneCm":48222,"stat.pickup.capsule.capsule":6,"stat.pickup.minecraft.cooked_porkchop":3,"stat.killEntity.techguns.ZombieSoldier":3,"stat.mineBlock.quark.roots":1,"stat.useItem.minecraft.dirt":83,"stat.mineBlock.quark.marble_speleothem":1,"stat.useItem.minecraft.stone_slab2":23,"stat.pickup.minecraft.iron_boots":2,"stat.pickup.minecraft.stone_hoe":1,"stat.craftItem.minecraft.iron_boots":1,"stat.craftItem.minecraft.stone_pickaxe":1,"stat.craftItem.minecraft.cooked_beef":27,"stat.pickup.minecraft.cobblestone":462,"stat.flyOneCm":970754,"stat.pickup.minecraft.sandstone":3,"stat.useItem.minecraft.cooked_beef":58,"stat.pickup.minecraft.redstone":3,"stat.mineBlock.minecraft.iron_ore":28,"stat.timeSinceDeath":47743,"stat.drop.minecraft.dirt":23,"stat.useItem.minecraft.cooked_porkchop":3,"stat.pickup.minecraft.iron_shovel":2,"stat.mineBlock.minecraft.coal_ore":20,"stat.pickup.minecraft.shield":3,"stat.killEntity.Creeper":3,"stat.pickup.minecraft.string":1,"stat.pickup.techguns.glider":1,"stat.pickup.spartanweaponry.material":2,"stat.craftItem.minecraft.stone_slab2":0,"stat.sprintOneCm":232414,"stat.craftItem.nocubessrpsurvival.assimilatedsoup":24,"stat.pickup.spartanshields.shield_tower_iron":5,"stat.craftItem.minecraft.stick":28,"stat.pickup.techguns.t1_miner_leggings":9,"stat.pickup.nocubessrpnests.organicsample":14,"stat.mineBlock.minecraft.crafting_table":2,"stat.useItem.minecraft.carrot":49,"stat.drop.minecraft.golden_apple":1,"stat.mineBlock.quark.marble":30,"stat.drop":110,"stat.useItem.minecraft.ladder":2,"stat.useItem.spartanweaponry.longsword_iron":342,"stat.diveOneCm":13423,"stat.pickup.minecraft.wheat":20,"stat.craftItem.minecraft.ladder":3,"stat.pickup.minecraft.sign":1,"stat.drop.minecraft.cooked_beef":12,"stat.pickup.minecraft.stone_axe":3,"stat.useItem.minecraft.apple":1,"stat.pickup.minecraft.obsidian":2,"stat.useItem.minecraft.potion":1,"stat.jump":3843,"stat.pickup.minecraft.coal":32,"stat.pickup.minecraft.iron_helmet":5,"stat.pickup.minecraft.iron_ingot":25,"stat.useItem.minecraft.stone_axe":1,"stat.pickup.minecraft.gunpowder":13,"stat.craftItem.minecraft.bread":2,"stat.pickup.minecraft.spider_eye":2,"stat.mineBlock.nocubessrpnests.neststonelightwall":3,"stat.pickup.minecraft.dirt":458,"stat.useItem.minecraft.cooked_chicken":1,"stat.pickup.minecraft.iron_ore":28,"stat.pickup.minecraft.stone_shovel":1,"stat.entityKilledBy.techguns.SkeletonSoldier":2,"stat.pickup.minecraft.iron_axe":2,"stat.mineBlock.minecraft.glass_pane":1,"stat.damageTaken":12005,"stat.pickup.minecraft.leather":95,"stat.mineBlock.minecraft.furnace":1,"stat.useItem.minecraft.wooden_pickaxe":21,"stat.mineBlock.nocubessrpnests.neststonespikes":12,"stat.pickup.srparasites.ada_yelloweye_drop":4,"stat.pickup.srparasites.assimilated_flesh":148,"stat.mineBlock.minecraft.sandstone_stairs":1,"stat.drop.spartanweaponry.material":1,"stat.pickup.minecraft.bed":1,"stat.pickup.techguns.metalpanel":2,"stat.pickup.srparasites.canisteractive":2,"stat.pickup.srparasites.ada_bolster_drop":3,"stat.damageDealt":55843,"stat.craftItem.minecraft.glass":64,"stat.craftItem.minecraft.bowl":16,"stat.sleepInBed":3,"stat.killEntity.Cow":6,"stat.mineBlock.quark.roots_blue_flower":2,"stat.useItem.minecraft.crafting_table":1,"stat.craftItem.minecraft.iron_sword":1,"stat.drop.techguns.itemshared":30,"stat.pickup.techguns.itemshared":27,"stat.walkOneCm":755986,"stat.pickup.minecraft.stick":80,"stat.mineBlock.srparasites.canisteractive":1,"stat.pickup.minecraft.rabbit_foot":1,"stat.pickup.quark.root_flower":8,"stat.craftItem.minecraft.iron_chestplate":1,"stat.pickup.nocubessrpnests.neststonelightwall":3,"stat.pickup.minecraft.ender_pearl":3,"stat.pickup.minecraft.cooked_beef":39,"stat.killEntity.Skeleton":1,"stat.killEntity.Chicken":1,"stat.pickup.minecraft.bread":9,"stat.mobKills":341,"stat.mineBlock.srparasites.parasitecanister":3,"stat.pickup.minecraft.torch":106,"stat.mineBlock.minecraft.stone":244,"stat.useItem.minecraft.sandstone":1,"stat.craftItem.spartanshields.shield_tower_iron":1}