{"stat.leaveGame":39,"stat.mineBlock.minecraft.stained_glass":13,"stat.entityKilledBy.techguns.ZombieFarmer":2,"stat.mineBlock.minecraft.web":11,"stat.pickup.srparasites.ada_arachnida_drop":2,"stat.pickup.minecraft.rotten_flesh":14,"stat.craftItem.sapturretmod.electrolyte_generator":1,"stat.craftItem.minecraft.stone_axe":2,"stat.craftItem.futuremc.campfire":1,"stat.pickup.minecraft.cobblestone_wall":2,"stat.pickup.minecraft.bucket":5,"stat.useItem.srparasites.parasitecanister":1,"stat.killEntity.Enderman":2,"stat.pickup.minecraft.leather_boots":1,"stat.pickup.minecraft.brown_mushroom":2,"stat.pickup.quark.tallow":38,"stat.useItem.minecraft.iron_pickaxe":1381,"stat.pickup.minecraft.stained_hardened_clay":678,"stat.craftItem.minecraft.wooden_pickaxe":1,"stat.craftItem.spartanweaponry.boomerang_iron":1,"stat.craftItem.minecraft.glass_pane":16,"stat.mineBlock.quark.world_stone_pavement":2,"stat.mineBlock.minecraft.vine":2,"stat.pickup.techguns.basicore":181,"stat.furnaceInteraction":186,"stat.useItem.minecraft.golden_carrot":3,"stat.craftItem.spartanweaponry.material":6,"stat.pickup.minecraft.beef":52,"stat.pickup.minecraft.leather_helmet":3,"stat.pickup.minecraft.cauldron":1,"stat.mineBlock.minecraft.stained_hardened_clay":478,"stat.pickup.minecraft.potion":6,"stat.useItem.minecraft.wheat_seeds":44,"stat.pickup.nocubessrpsurvival.ruptersalad":1,"stat.pickup.minecraft.emerald":4,"stat.deaths":81,"stat.pickup.minecraft.bowl":6,"stat.pickup.minecraft.egg":1,"stat.pickup.techguns.t1_miner_helmet":9,"stat.craftItem.minecraft.iron_pickaxe":4,"stat.craftItem.minecraft.repeater":3,"stat.mineBlock.minecraft.tallgrass":104,"stat.craftItem.minecraft.cooked_mutton":7,"stat.chestOpened":316,"stat.drop.srparasites.lurecomponent1":1,"stat.useItem.spartanweaponry.boomerang_iron":32,"stat.pickup.minecraft.arrow":46,"stat.pickup.minecraft.iron_sword":1,"stat.pickup.minecraft.wooden_pressure_plate":2,"stat.pickup.minecraft.gold_nugget":16,"stat.drop.minecraft.iron_pickaxe":1,"stat.useItem.spartanweaponry.battleaxe_lead":5,"stat.pickup.minecraft.carrot":103,"stat.drop.minecraft.stone_sword":1,"stat.crouchOneCm":296211,"stat.mineBlock.minecraft.chest":1,"stat.craftItem.minecraft.iron_ingot":76,"stat.mineBlock.futuremc.lily_of_the_valley":1,"stat.craftingTableInteraction":115,"stat.pickup.minecraft.repeater":2,"stat.mineBlock.minecraft.log2":3,"stat.pickup.minecraft.wooden_pickaxe":6,"stat.useItem.futuremc.sweet_berries":13,"stat.pickup.minecraft.dye":10,"stat.pickup.minecraft.planks":122,"stat.pickup.minecraft.wheat_seeds":221,"stat.pickup.techguns.t1_miner_chestplate":5,"stat.mineBlock.minecraft.glass":2,"stat.mineBlock.minecraft.dirt":188,"stat.pickup.minecraft.poisonous_potato":2,"stat.mineBlock.quark.biome_cobblestone":1,"stat.useItem.minecraft.bread":28,"stat.pickup.minecraft.brewing_stand":3,"stat.useItem.minecraft.cobblestone":293,"stat.useItem.minecraft.gravel":18,"stat.mineBlock.minecraft.double_plant":3,"stat.drop.srparasites.parasitecanister":2,"stat.pickup.minecraft.iron_pickaxe":7,"stat.craftItem.minecraft.gold_ingot":9,"stat.pickup.minecraft.apple":29,"stat.useItem.srparasites.itemmobspawner_ranracadapted":1,"stat.craftItem.minecraft.bucket":2,"stat.craftItem.minecraft.planks":95,"stat.pickup.futuremc.cornflower":5,"stat.pickup.minecraft.stone_sword":8,"stat.pickup.minecraft.book":48,"stat.useItem.minecraft.stonebrick":5,"stat.mineBlock.minecraft.log":44,"stat.craftItem.quark.spruce_button":1,"stat.pickup.charm.bat_bucket":2,"stat.useItem.carryon.entity_item":8,"stat.pickup.minecraft.iron_door":1,"stat.pickup.minecraft.red_flower":1,"stat.pickup.minecraft.wool":1,"stat.mineBlock.minecraft.cobblestone":54,"stat.pickup.minecraft.stone_pickaxe":6,"stat.pickup.minecraft.flint":5,"stat.pickup.minecraft.leather_chestplate":4,"stat.mineBlock.srparasites.gore":205,"stat.mineBlock.minecraft.stained_glass_pane":36,"stat.craftItem.techguns.goldenrevolver":1,"stat.pickup.minecraft.enchanted_book":1,"stat.pickup.minecraft.cooked_porkchop":15,"stat.killEntity.techguns.ZombieSoldier":1,"stat.useItem.minecraft.stone_slab2":153,"stat.pickup.minecraft.bow":2,"stat.pickup.minecraft.iron_boots":5,"stat.pickup.minecraft.diamond_horse_armor":3,"stat.pickup.minecraft.stone_hoe":1,"stat.craftItem.minecraft.furnace":8,"stat.craftItem.minecraft.iron_boots":1,"stat.mineBlock.minecraft.obsidian":2,"stat.craftItem.minecraft.bow":2,"stat.pickup.sapturretmod.turret_assembly":1,"stat.pickup.futuremc.sweet_berries":60,"stat.flyOneCm":2055074,"stat.craftItem.minecraft.stained_glass":1,"stat.timeSinceDeath":23403,"stat.craftItem.minecraft.iron_block":1,"stat.useItem.minecraft.potato":95,"stat.pickup.spartanweaponry.battleaxe_lead":2,"stat.mineBlock.minecraft.coal_ore":122,"stat.killEntity.Creeper":3,"stat.craftItem.minecraft.stone_hoe":2,"stat.pickup.minecraft.wooden_sword":6,"stat.pickup.minecraft.string":48,"stat.mineBlock.minecraft.ladder":2,"stat.drop.usefulbackpacks.backpack":7,"stat.pickup.tombstone.crafting_ingredient":8,"stat.useItem.minecraft.milk_bucket":1,"stat.pickup.nocubessrpsurvival.redflesh":2,"stat.sprintOneCm":1126852,"stat.craftItem.nocubessrpsurvival.assimilatedsoup":5,"stat.mineBlock.minecraft.diamond_ore":5,"stat.pickup.nocubessrpnests.organicsample":6,"stat.pickup.minecraft.leather_leggings":4,"stat.pickup.minecraft.sugar":4,"stat.useItem.minecraft.wooden_sword":79,"stat.useItem.minecraft.ladder":8,"stat.pickup.minecraft.iron_block":5,"stat.killEntity.Zombie":11,"stat.pickup.quark.polished_stone":4,"stat.mineBlock.minecraft.gold_ore":22,"stat.diveOneCm":11541,"stat.pickup.minecraft.wheat":80,"stat.craftItem.minecraft.ladder":6,"stat.pickup.minecraft.stone_axe":5,"stat.pickup.minecraft.obsidian":5,"stat.useItem.minecraft.rotten_flesh":4,"stat.drop.minecraft.apple":2,"stat.jump":8060,"stat.pickup.minecraft.coal":275,"stat.pickup.minecraft.iron_ingot":97,"stat.pickup.minecraft.gunpowder":65,"stat.craftItem.minecraft.torch":108,"stat.pickup.minecraft.dirt":254,"stat.pickup.minecraft.stone_shovel":3,"stat.pickup.minecraft.gold_ore":19,"stat.useItem.minecraft.sapling":8,"stat.mineBlock.minecraft.lapis_ore":1,"stat.pickup.minecraft.iron_axe":1,"stat.damageTaken":41876,"stat.mineBlock.minecraft.torch":13,"stat.pickup.srparasites.assimilated_flesh":77,"stat.pickup.minecraft.log2":3,"stat.craftItem.minecraft.comparator":1,"stat.pickup.minecraft.bed":2,"stat.craftItem.sapturretmod.turret_assembly":1,"stat.pickup.minecraft.quartz_block":16,"stat.pickup.minecraft.potato":276,"stat.pickup.techguns.itemshared":467,"stat.animalsBred":2,"stat.useItem.minecraft.chest":1,"stat.pickup.minecraft.diamond_pickaxe":3,"stat.useItem.minecraft.lava_bucket":31,"stat.useItem.minecraft.gold_ore":1,"stat.mineBlock.srparasites.canisteractive":1,"stat.useItem.tombstone.gift":2,"stat.craftItem.minecraft.iron_chestplate":2,"stat.pickup.minecraft.baked_potato":30,"stat.useItem.minecraft.stained_hardened_clay":544,"stat.pickup.minecraft.cooked_beef":134,"stat.pickup.minecraft.ladder":8,"stat.craftItem.techguns.itemshared":526,"stat.mineBlock.minecraft.stonebrick":17,"stat.mobKills":612,"stat.mineBlock.minecraft.bookshelf":1,"stat.pickup.srparasites.ada_reeker_drop":4,"stat.pickup.minecraft.diamond":31,"stat.pickup.minecraft.beetroot_seeds":33,"stat.pickup.minecraft.iron_horse_armor":1,"stat.pickup.minecraft.torch":63,"stat.craftItem.spartanshields.shield_tower_iron":1,"stat.useItem.nocubessrpsurvival.assimilatedsoup":5,"stat.entityKilledBy.techguns.ZombieMiner":1,"stat.pickup.srparasites.parasitecanister":39,"stat.useItem.minecraft.planks":17,"stat.pickup.minecraft.glowstone_dust":9,"stat.pickup.minecraft.porkchop":17,"stat.pickup.nocubessrpnests.neststonedark":13,"stat.useItem.minecraft.water_bucket":6,"stat.pickup.minecraft.sand":8,"stat.entityKilledBy.Spider":1,"stat.mineBlock.nocubessrpnests.nestegg":12,"stat.pickup.minecraft.name_tag":1,"stat.pickup.minecraft.wooden_hoe":2,"stat.craftItem.minecraft.stone_sword":2,"stat.pickup.nocubessrpnests.neststonespikes":1,"stat.craftItem.techguns.handcannon":1,"stat.mineBlock.minecraft.sand":8,"stat.pickup.quark.rune":4,"stat.killEntity.techguns.ZombieFarmer":26,"stat.hopperInspected":2,"stat.pickup.srparasites.lurecomponent2":2,"stat.pickup.srparasites.lurecomponent3":14,"stat.mineBlock.futuremc.cornflower":1,"stat.pickup.srparasites.lurecomponent1":132,"stat.pickup.minecraft.wooden_button":2,"stat.pickup.srparasites.lurecomponent4":6,"stat.pickup.minecraft.furnace":9,"stat.useItem.minecraft.cooked_mutton":7,"stat.pickup.minecraft.iron_chestplate":4,"stat.mineBlock.sapturretmod.turret_assembly":1,"stat.killEntity.Horse":1,"stat.pickup.futuremc.lily_of_the_valley":1,"stat.pickup.srparasites.ada_manducater_drop":1,"stat.pickup.minecraft.golden_carrot":5,"stat.pickup.quark.world_stone_pavement":47,"stat.pickup.spartanshields.shield_basic_obsidian":1,"stat.playOneMinute":838355,"stat.pickup.techguns.handcannon":8,"stat.useItem.nocubessrparmory.thereapertrue":1,"stat.drop.techguns.handcannon":2,"stat.pickup.minecraft.iron_bars":3,"stat.pickup.minecraft.spruce_door":1,"stat.recordPlayed":1,"stat.mineBlock.minecraft.ice":9,"stat.pickup.charm.charged_emerald":3,"stat.drop.minecraft.flint":1,"stat.fallOneCm":136151,"stat.craftItem.minecraft.chest":3,"stat.drop.sapturretmod.turret_info":1,"stat.pickup.minecraft.red_mushroom":3,"stat.useItem.nocubessrpsurvival.flesheater":19,"stat.pickup.minecraft.comparator":1,"stat.pickup.minecraft.feather":1,"stat.pickup.minecraft.record_cat":3,"stat.killEntity.techguns.ZombieMiner":29,"stat.pickup.minecraft.iron_leggings":4,"stat.pickup.spartanweaponry.boomerang_iron":2,"stat.pickup.sapturretmod.turret_info":1,"stat.mineBlock.minecraft.gravel":39,"stat.useItem.minecraft.stone_pickaxe":217,"stat.useItem.minecraft.stone_sword":169,"stat.craftItem.minecraft.iron_leggings":1,"stat.useItem.minecraft.torch":128,"stat.pickup.minecraft.golden_apple":2,"stat.craftItem.minecraft.redstone_block":1,"stat.pickup.minecraft.crafting_table":6,"stat.mineBlock.techguns.basicore":89,"stat.craftItem.minecraft.crafting_table":3,"stat.mineBlock.nocubessrpnests.neststonelight":3,"stat.mineBlock.quark.stone_speleothem":1,"stat.craftItem.srparasites.evolutionlure":5,"stat.pickup.minecraft.redstone_block":5,"stat.pickup.minecraft.log":50,"stat.pickup.usefulbackpacks.backpack":16,"stat.pickup.minecraft.sapling":16,"stat.pickup.minecraft.wooden_door":10,"stat.pickup.srparasites.bone":5,"stat.mineBlock.overlast.red_leaves":6,"stat.pickup.srparasites.ada_summoner_drop":1,"stat.pickup.minecraft.beetroot":24,"stat.craftItem.spartanshields.shield_tower_wood":1,"stat.useItem.minecraft.stone_hoe":112,"stat.useItem.minecraft.beetroot_seeds":21,"stat.sneakTime":96342,"stat.mineBlock.minecraft.cobblestone_wall":1,"stat.useItem.minecraft.baked_potato":57,"stat.pickup.minecraft.stone_slab":13,"stat.pickup.minecraft.chest":1,"stat.drop.minecraft.stone_pickaxe":1,"stat.pickup.minecraft.bone":70,"stat.horseOneCm":81183,"stat.drop.techguns.t1_miner_helmet":3,"stat.mineBlock.charm.crate_sealed":2,"stat.useItem.spartanweaponry.greatsword_iron":347,"stat.swimOneCm":37919,"stat.pickup.quark.glass_shards":160,"stat.climbOneCm":35847,"stat.pickup.capsule.capsule":13,"stat.mineBlock.quark.roots":1,"stat.useItem.minecraft.dirt":182,"stat.pickup.minecraft.enchanting_table":2,"stat.pickup.minecraft.anvil":3,"stat.useItem.minecraft.iron_ore":1,"stat.craftItem.minecraft.stone_pickaxe":2,"stat.pickup.minecraft.cobblestone":2416,"stat.pickup.minecraft.gold_block":9,"stat.pickup.quark.biome_cobblestone":2,"stat.useItem.minecraft.stone_shovel":122,"stat.drop.minecraft.wheat_seeds":17,"stat.craftItem.quark.vertical_planks":3,"stat.useItem.minecraft.cooked_beef":65,"stat.pickup.minecraft.redstone":271,"stat.mineBlock.minecraft.iron_ore":150,"stat.pickup.minecraft.mutton":21,"stat.killEntity.techguns.SkeletonSoldier":1,"stat.pickup.minecraft.wooden_axe":1,"stat.pickup.minecraft.stonebrick":40,"stat.useItem.minecraft.cooked_porkchop":14,"stat.pickup.minecraft.iron_shovel":1,"stat.pickup.spartanweaponry.material":7,"stat.craftItem.minecraft.stone_slab2":0,"stat.pickup.spartanshields.shield_tower_iron":2,"stat.craftItem.minecraft.stick":116,"stat.craftItem.minecraft.stone":18,"stat.craftItem.minecraft.gold_nugget":9,"stat.pickup.minecraft.grass":2,"stat.pickup.techguns.t1_miner_leggings":3,"stat.mineBlock.minecraft.crafting_table":1,"stat.mineBlock.minecraft.quartz_block":1,"stat.useItem.minecraft.diamond_pickaxe":891,"stat.useItem.minecraft.carrot":14,"stat.pickup.minecraft.golden_horse_armor":1,"stat.pickup.minecraft.diamond_chestplate":1,"stat.entityKilledBy.Creeper":1,"stat.mineBlock.minecraft.planks":7,"stat.drop":42,"stat.pickup.minecraft.jukebox":1,"stat.craftItem.spartanweaponry.greatsword_iron":1,"stat.drop.minecraft.bread":1,"stat.pickup.minecraft.gravel":42,"stat.drop.minecraft.cooked_beef":1,"stat.mineBlock.minecraft.anvil":2,"stat.pickup.nocubessrpsurvival.flesheater":1,"stat.useItem.minecraft.apple":10,"stat.useItem.quark.world_stone_pavement":1,"stat.drop.minecraft.cooked_porkchop":1,"stat.pickup.minecraft.stone_brick_stairs":2,"stat.pickup.minecraft.iron_helmet":2,"stat.useItem.minecraft.stone_axe":135,"stat.craftItem.minecraft.bread":8,"stat.pickup.minecraft.spider_eye":23,"stat.craftItem.minecraft.iron_helmet":2,"stat.pickup.minecraft.iron_ore":141,"stat.craftItem.minecraft.flint_and_steel":2,"stat.pickup.quark.custom_chest":1,"stat.pickup.minecraft.leather":48,"stat.craftItem.techguns.revolver":1,"stat.mineBlock.minecraft.furnace":3,"stat.useItem.minecraft.wooden_pickaxe":30,"stat.mineBlock.nocubessrpnests.neststonespikes":1,"stat.pickup.minecraft.reeds":2,"tombstone:undead_killed":13,"stat.pickup.minecraft.emerald_block":7,"stat.pickup.srparasites.canisteractive":5,"stat.useItem.srparasites.evolutionlure":2,"stat.pickup.srparasites.ada_bolster_drop":4,"stat.damageDealt":24346,"stat.craftItem.minecraft.glass":8,"stat.craftItem.minecraft.cauldron":1,"stat.craftItem.minecraft.bowl":4,"stat.sleepInBed":1,"stat.craftItem.minecraft.baked_potato":118,"stat.killEntity.Cow":16,"stat.killEntity.Pig":8,"stat.craftItem.minecraft.stone_shovel":3,"stat.walkOneCm":2201981,"stat.useItem.quark.custom_chest":1,"stat.playerKills":1,"stat.pickup.minecraft.stick":37,"stat.craftItem.quark.custom_chest":2,"stat.pickup.techguns.t1_miner_boots":3,"stat.pickup.minecraft.clay_ball":47,"stat.pickup.techguns.goldenrevolver":2,"stat.pickup.quark.root_flower":4,"stat.pickup.minecraft.stone":2,"stat.mineBlock.minecraft.wool":1,"stat.pickup.nocubessrpnests.neststonelightwall":1,"stat.pickup.minecraft.gold_ingot":5,"stat.killEntity.Skeleton":8,"stat.killEntity.Chicken":1,"stat.mineBlock.srparasites.infestremain":1,"stat.killEntity.Spider":23,"stat.pickup.minecraft.bread":31,"stat.pickup.minecraft.quartz":5,"stat.useItem.minecraft.golden_apple":2,"stat.pickup.minecraft.water_bucket":7,"stat.mineBlock.minecraft.leaves":13,"stat.mineBlock.srparasites.parasitecanister":26,"stat.mineBlock.minecraft.redstone_ore":29,"stat.pickup.minecraft.lava_bucket":1,"stat.craftItem.minecraft.brick":3,"stat.mineBlock.minecraft.stone":1367}