{"stat.useItem.nocubessrpsurvival.assimilatedsoup":5,"stat.leaveGame":18,"stat.entityKilledBy.techguns.ZombieMiner":1,"stat.mineBlock.minecraft.stained_glass":13,"stat.pickup.srparasites.parasitecanister":17,"stat.entityKilledBy.techguns.ZombieFarmer":2,"stat.useItem.minecraft.planks":17,"stat.mineBlock.minecraft.web":11,"stat.pickup.minecraft.porkchop":15,"stat.pickup.srparasites.ada_arachnida_drop":2,"stat.useItem.minecraft.water_bucket":4,"stat.pickup.minecraft.rotten_flesh":9,"stat.entityKilledBy.Spider":1,"stat.craftItem.minecraft.stone_axe":2,"stat.craftItem.futuremc.campfire":1,"stat.pickup.minecraft.cobblestone_wall":1,"stat.useItem.srparasites.parasitecanister":1,"stat.killEntity.Enderman":2,"stat.pickup.minecraft.leather_boots":1,"stat.pickup.minecraft.wooden_hoe":1,"stat.craftItem.minecraft.stone_sword":2,"stat.craftItem.techguns.handcannon":1,"stat.killEntity.techguns.ZombieFarmer":18,"stat.pickup.quark.tallow":17,"stat.useItem.minecraft.iron_pickaxe":1334,"stat.pickup.minecraft.stained_hardened_clay":40,"stat.craftItem.minecraft.wooden_pickaxe":1,"stat.craftItem.spartanweaponry.boomerang_iron":1,"stat.mineBlock.minecraft.vine":1,"stat.pickup.techguns.basicore":95,"stat.furnaceInteraction":123,"stat.craftItem.spartanweaponry.material":6,"stat.pickup.srparasites.lurecomponent3":10,"stat.pickup.srparasites.lurecomponent1":52,"stat.pickup.minecraft.beef":52,"stat.pickup.minecraft.furnace":6,"stat.useItem.minecraft.cooked_mutton":7,"stat.pickup.minecraft.leather_helmet":3,"stat.mineBlock.minecraft.stained_hardened_clay":31,"stat.pickup.minecraft.iron_chestplate":2,"stat.killEntity.Horse":1,"stat.pickup.minecraft.potion":5,"stat.pickup.futuremc.lily_of_the_valley":1,"stat.pickup.srparasites.ada_manducater_drop":1,"stat.pickup.nocubessrpsurvival.ruptersalad":1,"stat.deaths":42,"stat.pickup.minecraft.bowl":5,"stat.pickup.spartanshields.shield_basic_obsidian":1,"stat.playOneMinute":413793,"stat.pickup.techguns.handcannon":6,"stat.pickup.techguns.t1_miner_helmet":4,"stat.craftItem.minecraft.iron_pickaxe":4,"stat.drop.techguns.handcannon":2,"stat.craftItem.minecraft.repeater":2,"stat.mineBlock.minecraft.tallgrass":90,"stat.craftItem.minecraft.cooked_mutton":7,"stat.chestOpened":137,"stat.drop.srparasites.lurecomponent1":1,"stat.useItem.spartanweaponry.boomerang_iron":32,"stat.pickup.minecraft.arrow":34,"stat.mineBlock.minecraft.ice":5,"stat.pickup.charm.charged_emerald":2,"stat.drop.minecraft.flint":1,"stat.pickup.minecraft.gold_nugget":2,"stat.drop.minecraft.iron_pickaxe":1,"stat.fallOneCm":54926,"stat.drop.minecraft.stone_sword":1,"stat.crouchOneCm":153106,"stat.mineBlock.minecraft.chest":1,"stat.craftItem.minecraft.iron_ingot":76,"stat.craftItem.minecraft.chest":1,"stat.pickup.minecraft.red_mushroom":2,"stat.mineBlock.futuremc.lily_of_the_valley":1,"stat.craftingTableInteraction":101,"stat.pickup.minecraft.repeater":2,"stat.mineBlock.minecraft.log2":3,"stat.pickup.minecraft.wooden_pickaxe":6,"stat.useItem.futuremc.sweet_berries":6,"stat.killEntity.techguns.ZombieMiner":15,"stat.pickup.minecraft.dye":3,"stat.pickup.minecraft.planks":110,"stat.pickup.minecraft.iron_leggings":4,"stat.pickup.minecraft.wheat_seeds":34,"stat.pickup.spartanweaponry.boomerang_iron":2,"stat.pickup.techguns.t1_miner_chestplate":1,"stat.mineBlock.minecraft.gravel":39,"stat.useItem.minecraft.stone_pickaxe":217,"stat.mineBlock.minecraft.glass":2,"stat.useItem.minecraft.stone_sword":169,"stat.craftItem.minecraft.iron_leggings":1,"stat.mineBlock.minecraft.dirt":52,"stat.mineBlock.quark.biome_cobblestone":1,"stat.useItem.minecraft.torch":112,"stat.useItem.minecraft.bread":14,"stat.pickup.minecraft.golden_apple":1,"stat.pickup.minecraft.crafting_table":2,"stat.useItem.minecraft.cobblestone":66,"stat.mineBlock.techguns.basicore":87,"stat.craftItem.minecraft.crafting_table":3,"stat.useItem.minecraft.gravel":18,"stat.mineBlock.minecraft.double_plant":2,"stat.drop.srparasites.parasitecanister":2,"stat.mineBlock.quark.stone_speleothem":1,"stat.craftItem.srparasites.evolutionlure":5,"stat.pickup.minecraft.log":50,"stat.pickup.minecraft.iron_pickaxe":6,"stat.pickup.usefulbackpacks.backpack":11,"stat.craftItem.minecraft.gold_ingot":9,"stat.pickup.minecraft.sapling":14,"stat.pickup.minecraft.wooden_door":10,"stat.pickup.minecraft.apple":23,"stat.pickup.srparasites.bone":3,"stat.mineBlock.overlast.red_leaves":6,"stat.craftItem.spartanshields.shield_tower_wood":1,"stat.craftItem.minecraft.bucket":1,"stat.craftItem.minecraft.planks":95,"stat.pickup.futuremc.cornflower":2,"stat.pickup.minecraft.stone_sword":8,"stat.pickup.minecraft.book":45,"stat.useItem.minecraft.stonebrick":5,"stat.mineBlock.minecraft.log":44,"stat.craftItem.quark.spruce_button":1,"stat.pickup.charm.bat_bucket":2,"stat.pickup.minecraft.iron_door":1,"stat.sneakTime":55958,"stat.pickup.minecraft.wool":1,"stat.mineBlock.minecraft.cobblestone_wall":1,"stat.pickup.minecraft.chest":1,"stat.drop.minecraft.stone_pickaxe":1,"stat.pickup.minecraft.bone":69,"stat.horseOneCm":5001,"stat.mineBlock.minecraft.cobblestone":25,"stat.pickup.minecraft.stone_pickaxe":6,"stat.pickup.minecraft.flint":5,"stat.pickup.minecraft.leather_chestplate":4,"stat.mineBlock.srparasites.gore":153,"stat.mineBlock.minecraft.stained_glass_pane":13,"stat.mineBlock.charm.crate_sealed":2,"stat.useItem.spartanweaponry.greatsword_iron":347,"stat.swimOneCm":30381,"stat.pickup.quark.glass_shards":82,"stat.craftItem.techguns.goldenrevolver":1,"stat.climbOneCm":30595,"stat.pickup.capsule.capsule":5,"stat.pickup.minecraft.cooked_porkchop":15,"stat.killEntity.techguns.ZombieSoldier":1,"stat.mineBlock.quark.roots":1,"stat.useItem.minecraft.dirt":9,"stat.useItem.minecraft.stone_slab2":72,"stat.pickup.minecraft.iron_boots":4,"stat.craftItem.minecraft.furnace":6,"stat.pickup.minecraft.enchanting_table":2,"stat.craftItem.minecraft.iron_boots":1,"stat.pickup.minecraft.anvil":1,"stat.useItem.minecraft.iron_ore":1,"stat.craftItem.minecraft.stone_pickaxe":2,"stat.pickup.minecraft.cobblestone":1107,"stat.craftItem.minecraft.bow":2,"stat.pickup.minecraft.gold_block":9,"stat.pickup.quark.biome_cobblestone":1,"stat.pickup.futuremc.sweet_berries":10,"stat.useItem.minecraft.stone_shovel":26,"stat.flyOneCm":954430,"stat.drop.minecraft.wheat_seeds":1,"stat.craftItem.quark.vertical_planks":3,"stat.useItem.minecraft.cooked_beef":65,"stat.craftItem.minecraft.stained_glass":1,"stat.pickup.minecraft.redstone":140,"stat.mineBlock.minecraft.iron_ore":150,"stat.timeSinceDeath":5111,"stat.pickup.minecraft.mutton":21,"stat.killEntity.techguns.SkeletonSoldier":1,"stat.pickup.minecraft.stonebrick":35,"stat.useItem.minecraft.cooked_porkchop":14,"stat.pickup.minecraft.iron_shovel":1,"stat.mineBlock.minecraft.coal_ore":120,"stat.killEntity.Creeper":2,"stat.pickup.minecraft.wooden_sword":5,"stat.pickup.minecraft.string":38,"stat.pickup.spartanweaponry.material":4,"stat.mineBlock.minecraft.ladder":2,"stat.drop.usefulbackpacks.backpack":5,"stat.craftItem.minecraft.stone_slab2":0,"stat.sprintOneCm":554867,"stat.craftItem.nocubessrpsurvival.assimilatedsoup":5,"stat.pickup.spartanshields.shield_tower_iron":1,"stat.craftItem.minecraft.stick":104,"stat.craftItem.minecraft.stone":15,"stat.craftItem.minecraft.gold_nugget":9,"stat.mineBlock.minecraft.diamond_ore":5,"stat.pickup.minecraft.grass":2,"stat.mineBlock.minecraft.crafting_table":1,"stat.mineBlock.minecraft.quartz_block":1,"stat.pickup.minecraft.leather_leggings":4,"stat.entityKilledBy.Creeper":1,"stat.mineBlock.minecraft.planks":5,"stat.drop":19,"stat.useItem.minecraft.wooden_sword":79,"stat.useItem.minecraft.ladder":8,"stat.craftItem.spartanweaponry.greatsword_iron":1,"stat.killEntity.Zombie":10,"stat.mineBlock.minecraft.gold_ore":22,"stat.diveOneCm":7812,"stat.pickup.minecraft.wheat":36,"stat.craftItem.minecraft.ladder":6,"stat.pickup.minecraft.gravel":37,"stat.drop.minecraft.cooked_beef":1,"stat.mineBlock.minecraft.anvil":1,"stat.pickup.minecraft.stone_axe":4,"stat.useItem.minecraft.apple":10,"stat.pickup.minecraft.obsidian":3,"stat.useItem.minecraft.rotten_flesh":4,"stat.drop.minecraft.cooked_porkchop":1,"stat.pickup.minecraft.stone_brick_stairs":2,"stat.drop.minecraft.apple":2,"stat.jump":4443,"stat.pickup.minecraft.coal":178,"stat.pickup.minecraft.iron_helmet":2,"stat.pickup.minecraft.iron_ingot":96,"stat.useItem.minecraft.stone_axe":135,"stat.pickup.minecraft.gunpowder":43,"stat.craftItem.minecraft.bread":3,"stat.pickup.minecraft.spider_eye":13,"stat.craftItem.minecraft.torch":108,"stat.pickup.minecraft.dirt":70,"stat.craftItem.minecraft.iron_helmet":2,"stat.pickup.minecraft.iron_ore":141,"stat.pickup.minecraft.stone_shovel":2,"stat.pickup.minecraft.gold_ore":19,"stat.useItem.minecraft.sapling":8,"stat.craftItem.minecraft.flint_and_steel":2,"stat.mineBlock.minecraft.lapis_ore":1,"stat.pickup.minecraft.iron_axe":1,"stat.damageTaken":17427,"stat.pickup.minecraft.leather":42,"stat.craftItem.techguns.revolver":1,"stat.mineBlock.minecraft.furnace":2,"stat.mineBlock.minecraft.torch":8,"stat.useItem.minecraft.wooden_pickaxe":30,"stat.pickup.srparasites.assimilated_flesh":29,"stat.pickup.minecraft.log2":3,"stat.craftItem.minecraft.comparator":1,"stat.pickup.minecraft.bed":2,"stat.craftItem.sapturretmod.turret_assembly":1,"stat.pickup.minecraft.quartz_block":1,"stat.pickup.minecraft.emerald_block":6,"stat.pickup.srparasites.canisteractive":1,"stat.useItem.srparasites.evolutionlure":2,"stat.pickup.srparasites.ada_bolster_drop":2,"stat.damageDealt":23033,"stat.craftItem.minecraft.bowl":4,"stat.killEntity.Cow":16,"stat.killEntity.Pig":8,"stat.craftItem.minecraft.stone_shovel":2,"stat.pickup.techguns.itemshared":242,"stat.walkOneCm":1193433,"stat.useItem.quark.custom_chest":1,"stat.pickup.minecraft.stick":35,"stat.pickup.minecraft.diamond_pickaxe":1,"stat.craftItem.quark.custom_chest":2,"stat.pickup.techguns.t1_miner_boots":2,"stat.pickup.minecraft.clay_ball":27,"stat.useItem.minecraft.lava_bucket":20,"stat.useItem.minecraft.gold_ore":1,"stat.pickup.techguns.goldenrevolver":1,"stat.pickup.quark.root_flower":1,"stat.pickup.minecraft.stone":2,"stat.craftItem.minecraft.iron_chestplate":2,"stat.mineBlock.minecraft.wool":1,"stat.useItem.minecraft.stained_hardened_clay":1,"stat.pickup.minecraft.cooked_beef":134,"stat.pickup.minecraft.ladder":6,"stat.pickup.minecraft.gold_ingot":1,"stat.killEntity.Skeleton":6,"stat.craftItem.techguns.itemshared":526,"stat.mineBlock.minecraft.stonebrick":16,"stat.killEntity.Chicken":1,"stat.killEntity.Spider":20,"stat.pickup.minecraft.bread":16,"stat.mobKills":407,"stat.pickup.minecraft.quartz":4,"stat.useItem.minecraft.golden_apple":2,"stat.pickup.minecraft.water_bucket":7,"stat.pickup.srparasites.ada_reeker_drop":2,"stat.pickup.minecraft.diamond":27,"stat.mineBlock.minecraft.leaves":13,"stat.pickup.minecraft.torch":18,"stat.mineBlock.srparasites.parasitecanister":16,"stat.mineBlock.minecraft.redstone_ore":29,"stat.pickup.minecraft.lava_bucket":1,"stat.mineBlock.minecraft.stone":998,"stat.craftItem.spartanshields.shield_tower_iron":1}