{"stat.leaveGame":5,"stat.entityKilledBy.techguns.ZombieMiner":1,"stat.mineBlock.minecraft.stained_glass":3,"stat.pickup.srparasites.parasitecanister":7,"stat.entityKilledBy.techguns.ZombieFarmer":2,"stat.useItem.minecraft.planks":17,"stat.mineBlock.minecraft.web":11,"stat.useItem.minecraft.water_bucket":2,"stat.pickup.minecraft.rotten_flesh":3,"stat.craftItem.minecraft.stone_axe":2,"stat.craftItem.futuremc.campfire":1,"stat.useItem.srparasites.parasitecanister":1,"stat.pickup.minecraft.leather_boots":1,"stat.pickup.minecraft.wooden_hoe":1,"stat.craftItem.minecraft.stone_sword":2,"stat.craftItem.techguns.handcannon":1,"stat.killEntity.techguns.ZombieFarmer":10,"stat.useItem.minecraft.iron_pickaxe":100,"stat.pickup.minecraft.stained_hardened_clay":32,"stat.craftItem.minecraft.wooden_pickaxe":1,"stat.craftItem.spartanweaponry.boomerang_iron":1,"stat.pickup.techguns.basicore":19,"stat.furnaceInteraction":58,"stat.pickup.srparasites.lurecomponent1":30,"stat.pickup.minecraft.beef":43,"stat.pickup.minecraft.furnace":6,"stat.useItem.minecraft.cooked_mutton":7,"stat.pickup.minecraft.leather_helmet":3,"stat.mineBlock.minecraft.stained_hardened_clay":26,"stat.pickup.minecraft.iron_chestplate":1,"stat.killEntity.Horse":1,"stat.pickup.minecraft.potion":5,"stat.deaths":24,"stat.playOneMinute":164908,"stat.pickup.techguns.handcannon":6,"stat.pickup.techguns.t1_miner_helmet":4,"stat.craftItem.minecraft.iron_pickaxe":1,"stat.drop.techguns.handcannon":2,"stat.mineBlock.minecraft.tallgrass":49,"stat.craftItem.minecraft.cooked_mutton":7,"stat.chestOpened":17,"stat.useItem.spartanweaponry.boomerang_iron":1,"stat.pickup.minecraft.arrow":27,"stat.mineBlock.minecraft.ice":5,"stat.pickup.charm.charged_emerald":1,"stat.pickup.minecraft.gold_nugget":2,"stat.fallOneCm":32477,"stat.drop.minecraft.stone_sword":1,"stat.crouchOneCm":52707,"stat.mineBlock.minecraft.chest":1,"stat.craftItem.minecraft.iron_ingot":40,"stat.pickup.minecraft.red_mushroom":2,"stat.craftingTableInteraction":57,"stat.mineBlock.minecraft.log2":3,"stat.pickup.minecraft.wooden_pickaxe":6,"stat.killEntity.techguns.ZombieMiner":7,"stat.pickup.minecraft.dye":2,"stat.pickup.minecraft.planks":95,"stat.pickup.minecraft.iron_leggings":1,"stat.pickup.minecraft.wheat_seeds":26,"stat.mineBlock.minecraft.gravel":34,"stat.useItem.minecraft.stone_pickaxe":217,"stat.mineBlock.minecraft.glass":2,"stat.useItem.minecraft.stone_sword":169,"stat.craftItem.minecraft.iron_leggings":1,"stat.mineBlock.minecraft.dirt":7,"stat.mineBlock.quark.biome_cobblestone":1,"stat.useItem.minecraft.torch":34,"stat.useItem.minecraft.bread":7,"stat.pickup.minecraft.golden_apple":1,"stat.pickup.minecraft.crafting_table":2,"stat.useItem.minecraft.cobblestone":19,"stat.mineBlock.techguns.basicore":20,"stat.craftItem.minecraft.crafting_table":3,"stat.useItem.minecraft.gravel":18,"stat.mineBlock.minecraft.double_plant":2,"stat.drop.srparasites.parasitecanister":2,"stat.craftItem.srparasites.evolutionlure":2,"stat.pickup.minecraft.log":41,"stat.pickup.minecraft.iron_pickaxe":1,"stat.pickup.usefulbackpacks.backpack":9,"stat.craftItem.minecraft.gold_ingot":9,"stat.pickup.minecraft.sapling":4,"stat.pickup.minecraft.apple":11,"stat.mineBlock.overlast.red_leaves":6,"stat.craftItem.minecraft.bucket":1,"stat.craftItem.minecraft.planks":32,"stat.pickup.futuremc.cornflower":2,"stat.pickup.minecraft.stone_sword":8,"stat.pickup.minecraft.book":45,"stat.useItem.minecraft.stonebrick":5,"stat.mineBlock.minecraft.log":35,"stat.craftItem.quark.spruce_button":1,"stat.pickup.minecraft.iron_door":1,"stat.sneakTime":19025,"stat.pickup.minecraft.wool":1,"stat.pickup.minecraft.chest":1,"stat.drop.minecraft.stone_pickaxe":1,"stat.pickup.minecraft.bone":58,"stat.horseOneCm":5001,"stat.mineBlock.minecraft.cobblestone":11,"stat.pickup.minecraft.stone_pickaxe":6,"stat.pickup.minecraft.flint":4,"stat.pickup.minecraft.leather_chestplate":4,"stat.mineBlock.srparasites.gore":53,"stat.mineBlock.minecraft.stained_glass_pane":10,"stat.mineBlock.charm.crate_sealed":1,"stat.swimOneCm":11753,"stat.pickup.quark.glass_shards":20,"stat.craftItem.techguns.goldenrevolver":1,"stat.climbOneCm":16569,"stat.pickup.capsule.capsule":3,"stat.mineBlock.quark.roots":1,"stat.useItem.minecraft.dirt":4,"stat.useItem.minecraft.stone_slab2":43,"stat.pickup.minecraft.iron_boots":3,"stat.pickup.minecraft.enchanting_table":2,"stat.useItem.minecraft.iron_ore":1,"stat.craftItem.minecraft.stone_pickaxe":2,"stat.pickup.minecraft.cobblestone":192,"stat.pickup.minecraft.gold_block":9,"stat.pickup.quark.biome_cobblestone":1,"stat.useItem.minecraft.stone_shovel":26,"stat.flyOneCm":478123,"stat.drop.minecraft.wheat_seeds":1,"stat.useItem.minecraft.cooked_beef":35,"stat.pickup.minecraft.redstone":24,"stat.mineBlock.minecraft.iron_ore":79,"stat.timeSinceDeath":28191,"stat.pickup.minecraft.mutton":21,"stat.killEntity.techguns.SkeletonSoldier":1,"stat.pickup.minecraft.stonebrick":31,"stat.mineBlock.minecraft.coal_ore":26,"stat.killEntity.Creeper":1,"stat.pickup.minecraft.wooden_sword":5,"stat.pickup.minecraft.string":17,"stat.mineBlock.minecraft.ladder":2,"stat.drop.usefulbackpacks.backpack":3,"stat.craftItem.minecraft.stone_slab2":0,"stat.sprintOneCm":294707,"stat.craftItem.minecraft.stick":40,"stat.craftItem.minecraft.stone":6,"stat.mineBlock.minecraft.crafting_table":1,"stat.pickup.minecraft.leather_leggings":4,"stat.entityKilledBy.Creeper":1,"stat.drop":10,"stat.useItem.minecraft.wooden_sword":79,"stat.useItem.minecraft.ladder":6,"stat.killEntity.Zombie":2,"stat.mineBlock.minecraft.gold_ore":6,"stat.diveOneCm":3045,"stat.pickup.minecraft.wheat":25,"stat.craftItem.minecraft.ladder":3,"stat.pickup.minecraft.gravel":37,"stat.pickup.minecraft.stone_axe":4,"stat.useItem.minecraft.apple":1,"stat.jump":2207,"stat.pickup.minecraft.coal":44,"stat.pickup.minecraft.iron_helmet":1,"stat.pickup.minecraft.iron_ingot":94,"stat.useItem.minecraft.stone_axe":117,"stat.pickup.minecraft.gunpowder":39,"stat.craftItem.minecraft.bread":1,"stat.pickup.minecraft.spider_eye":11,"stat.craftItem.minecraft.torch":36,"stat.pickup.minecraft.dirt":8,"stat.craftItem.minecraft.iron_helmet":1,"stat.pickup.minecraft.iron_ore":74,"stat.pickup.minecraft.stone_shovel":2,"stat.pickup.minecraft.gold_ore":6,"stat.craftItem.minecraft.flint_and_steel":2,"stat.damageTaken":8481,"stat.pickup.minecraft.leather":33,"stat.craftItem.techguns.revolver":1,"stat.mineBlock.minecraft.furnace":2,"stat.useItem.minecraft.wooden_pickaxe":30,"stat.pickup.srparasites.assimilated_flesh":16,"stat.pickup.minecraft.log2":3,"stat.pickup.minecraft.bed":2,"stat.pickup.minecraft.emerald_block":6,"stat.damageDealt":8324,"stat.killEntity.Cow":11,"stat.craftItem.minecraft.stone_shovel":2,"stat.pickup.techguns.itemshared":154,"stat.walkOneCm":516826,"stat.useItem.quark.custom_chest":1,"stat.pickup.minecraft.stick":31,"stat.craftItem.quark.custom_chest":2,"stat.craftItem.minecraft.iron_chestplate":1,"stat.mineBlock.minecraft.wool":1,"stat.useItem.minecraft.stained_hardened_clay":1,"stat.pickup.minecraft.cooked_beef":100,"stat.pickup.minecraft.ladder":6,"stat.killEntity.Skeleton":2,"stat.craftItem.techguns.itemshared":242,"stat.mineBlock.minecraft.stonebrick":8,"stat.killEntity.Spider":3,"stat.pickup.minecraft.bread":8,"stat.mobKills":139,"stat.useItem.minecraft.golden_apple":1,"stat.pickup.minecraft.water_bucket":7,"stat.pickup.minecraft.diamond":18,"stat.pickup.minecraft.torch":2,"stat.mineBlock.srparasites.parasitecanister":9,"stat.mineBlock.minecraft.stone":127}