{"stat.useItem.nocubessrpsurvival.assimilatedsoup":1,"stat.leaveGame":15,"stat.entityKilledBy.techguns.ZombieMiner":1,"stat.mineBlock.minecraft.stained_glass":13,"stat.pickup.srparasites.parasitecanister":9,"stat.entityKilledBy.techguns.ZombieFarmer":2,"stat.useItem.minecraft.planks":17,"stat.mineBlock.minecraft.web":11,"stat.pickup.minecraft.porkchop":15,"stat.useItem.minecraft.water_bucket":4,"stat.pickup.minecraft.rotten_flesh":8,"stat.entityKilledBy.Spider":1,"stat.craftItem.minecraft.stone_axe":2,"stat.craftItem.futuremc.campfire":1,"stat.pickup.minecraft.cobblestone_wall":1,"stat.useItem.srparasites.parasitecanister":1,"stat.killEntity.Enderman":2,"stat.pickup.minecraft.leather_boots":1,"stat.pickup.minecraft.wooden_hoe":1,"stat.craftItem.minecraft.stone_sword":2,"stat.craftItem.techguns.handcannon":1,"stat.killEntity.techguns.ZombieFarmer":17,"stat.pickup.quark.tallow":17,"stat.useItem.minecraft.iron_pickaxe":1294,"stat.pickup.minecraft.stained_hardened_clay":38,"stat.craftItem.minecraft.wooden_pickaxe":1,"stat.craftItem.spartanweaponry.boomerang_iron":1,"stat.pickup.techguns.basicore":90,"stat.furnaceInteraction":107,"stat.craftItem.spartanweaponry.material":6,"stat.pickup.srparasites.lurecomponent3":3,"stat.pickup.srparasites.lurecomponent1":49,"stat.pickup.minecraft.beef":52,"stat.pickup.minecraft.furnace":6,"stat.useItem.minecraft.cooked_mutton":7,"stat.pickup.minecraft.leather_helmet":3,"stat.mineBlock.minecraft.stained_hardened_clay":30,"stat.pickup.minecraft.iron_chestplate":1,"stat.killEntity.Horse":1,"stat.pickup.minecraft.potion":5,"stat.deaths":32,"stat.pickup.minecraft.bowl":1,"stat.playOneMinute":332971,"stat.pickup.techguns.handcannon":6,"stat.pickup.techguns.t1_miner_helmet":4,"stat.craftItem.minecraft.iron_pickaxe":4,"stat.drop.techguns.handcannon":2,"stat.mineBlock.minecraft.tallgrass":86,"stat.craftItem.minecraft.cooked_mutton":7,"stat.chestOpened":70,"stat.drop.srparasites.lurecomponent1":1,"stat.useItem.spartanweaponry.boomerang_iron":32,"stat.pickup.minecraft.arrow":34,"stat.mineBlock.minecraft.ice":5,"stat.pickup.charm.charged_emerald":1,"stat.pickup.minecraft.gold_nugget":2,"stat.drop.minecraft.iron_pickaxe":1,"stat.fallOneCm":49441,"stat.drop.minecraft.stone_sword":1,"stat.crouchOneCm":129784,"stat.mineBlock.minecraft.chest":1,"stat.craftItem.minecraft.iron_ingot":74,"stat.craftItem.minecraft.chest":1,"stat.pickup.minecraft.red_mushroom":2,"stat.craftingTableInteraction":80,"stat.mineBlock.minecraft.log2":3,"stat.pickup.minecraft.wooden_pickaxe":6,"stat.useItem.futuremc.sweet_berries":6,"stat.killEntity.techguns.ZombieMiner":12,"stat.pickup.minecraft.dye":3,"stat.pickup.minecraft.planks":105,"stat.pickup.minecraft.iron_leggings":3,"stat.pickup.minecraft.wheat_seeds":32,"stat.pickup.spartanweaponry.boomerang_iron":2,"stat.mineBlock.minecraft.gravel":39,"stat.useItem.minecraft.stone_pickaxe":217,"stat.mineBlock.minecraft.glass":2,"stat.useItem.minecraft.stone_sword":169,"stat.craftItem.minecraft.iron_leggings":1,"stat.mineBlock.minecraft.dirt":50,"stat.mineBlock.quark.biome_cobblestone":1,"stat.useItem.minecraft.torch":97,"stat.useItem.minecraft.bread":9,"stat.pickup.minecraft.golden_apple":1,"stat.pickup.minecraft.crafting_table":2,"stat.useItem.minecraft.cobblestone":62,"stat.mineBlock.techguns.basicore":87,"stat.craftItem.minecraft.crafting_table":3,"stat.useItem.minecraft.gravel":18,"stat.mineBlock.minecraft.double_plant":2,"stat.drop.srparasites.parasitecanister":2,"stat.mineBlock.quark.stone_speleothem":1,"stat.craftItem.srparasites.evolutionlure":2,"stat.pickup.minecraft.log":50,"stat.pickup.minecraft.iron_pickaxe":5,"stat.pickup.usefulbackpacks.backpack":9,"stat.craftItem.minecraft.gold_ingot":9,"stat.pickup.minecraft.sapling":14,"stat.pickup.minecraft.wooden_door":10,"stat.pickup.minecraft.apple":19,"stat.mineBlock.overlast.red_leaves":6,"stat.craftItem.spartanshields.shield_tower_wood":1,"stat.craftItem.minecraft.bucket":1,"stat.craftItem.minecraft.planks":92,"stat.pickup.futuremc.cornflower":2,"stat.pickup.minecraft.stone_sword":8,"stat.pickup.minecraft.book":45,"stat.useItem.minecraft.stonebrick":5,"stat.mineBlock.minecraft.log":44,"stat.craftItem.quark.spruce_button":1,"stat.pickup.minecraft.iron_door":1,"stat.sneakTime":47875,"stat.pickup.minecraft.wool":1,"stat.mineBlock.minecraft.cobblestone_wall":1,"stat.pickup.minecraft.chest":1,"stat.drop.minecraft.stone_pickaxe":1,"stat.pickup.minecraft.bone":62,"stat.horseOneCm":5001,"stat.mineBlock.minecraft.cobblestone":15,"stat.pickup.minecraft.stone_pickaxe":6,"stat.pickup.minecraft.flint":4,"stat.pickup.minecraft.leather_chestplate":4,"stat.mineBlock.srparasites.gore":121,"stat.mineBlock.minecraft.stained_glass_pane":13,"stat.mineBlock.charm.crate_sealed":2,"stat.useItem.spartanweaponry.greatsword_iron":344,"stat.swimOneCm":30381,"stat.pickup.quark.glass_shards":54,"stat.craftItem.techguns.goldenrevolver":1,"stat.climbOneCm":30100,"stat.pickup.capsule.capsule":4,"stat.pickup.minecraft.cooked_porkchop":15,"stat.killEntity.techguns.ZombieSoldier":1,"stat.mineBlock.quark.roots":1,"stat.useItem.minecraft.dirt":7,"stat.useItem.minecraft.stone_slab2":65,"stat.pickup.minecraft.iron_boots":3,"stat.craftItem.minecraft.furnace":1,"stat.pickup.minecraft.enchanting_table":2,"stat.useItem.minecraft.iron_ore":1,"stat.craftItem.minecraft.stone_pickaxe":2,"stat.pickup.minecraft.cobblestone":1097,"stat.pickup.minecraft.gold_block":9,"stat.pickup.quark.biome_cobblestone":1,"stat.pickup.futuremc.sweet_berries":10,"stat.useItem.minecraft.stone_shovel":26,"stat.flyOneCm":832836,"stat.drop.minecraft.wheat_seeds":1,"stat.useItem.minecraft.cooked_beef":59,"stat.craftItem.minecraft.stained_glass":1,"stat.pickup.minecraft.redstone":129,"stat.mineBlock.minecraft.iron_ore":142,"stat.timeSinceDeath":19419,"stat.pickup.minecraft.mutton":21,"stat.killEntity.techguns.SkeletonSoldier":1,"stat.pickup.minecraft.stonebrick":33,"stat.useItem.minecraft.cooked_porkchop":14,"stat.pickup.minecraft.iron_shovel":1,"stat.mineBlock.minecraft.coal_ore":120,"stat.killEntity.Creeper":2,"stat.pickup.minecraft.wooden_sword":5,"stat.pickup.minecraft.string":34,"stat.mineBlock.minecraft.ladder":2,"stat.drop.usefulbackpacks.backpack":4,"stat.craftItem.minecraft.stone_slab2":0,"stat.sprintOneCm":497977,"stat.craftItem.nocubessrpsurvival.assimilatedsoup":1,"stat.craftItem.minecraft.stick":84,"stat.craftItem.minecraft.stone":6,"stat.mineBlock.minecraft.diamond_ore":5,"stat.pickup.minecraft.grass":2,"stat.mineBlock.minecraft.crafting_table":1,"stat.pickup.minecraft.leather_leggings":4,"stat.entityKilledBy.Creeper":1,"stat.mineBlock.minecraft.planks":5,"stat.drop":14,"stat.useItem.minecraft.wooden_sword":79,"stat.useItem.minecraft.ladder":8,"stat.craftItem.spartanweaponry.greatsword_iron":1,"stat.killEntity.Zombie":9,"stat.mineBlock.minecraft.gold_ore":22,"stat.diveOneCm":7812,"stat.pickup.minecraft.wheat":32,"stat.craftItem.minecraft.ladder":6,"stat.pickup.minecraft.gravel":37,"stat.pickup.minecraft.stone_axe":4,"stat.useItem.minecraft.apple":6,"stat.pickup.minecraft.obsidian":3,"stat.useItem.minecraft.rotten_flesh":3,"stat.drop.minecraft.cooked_porkchop":1,"stat.pickup.minecraft.stone_brick_stairs":2,"stat.jump":3808,"stat.pickup.minecraft.coal":136,"stat.pickup.minecraft.iron_helmet":1,"stat.pickup.minecraft.iron_ingot":94,"stat.useItem.minecraft.stone_axe":135,"stat.pickup.minecraft.gunpowder":41,"stat.craftItem.minecraft.bread":2,"stat.pickup.minecraft.spider_eye":13,"stat.craftItem.minecraft.torch":92,"stat.pickup.minecraft.dirt":65,"stat.craftItem.minecraft.iron_helmet":1,"stat.pickup.minecraft.iron_ore":133,"stat.pickup.minecraft.stone_shovel":2,"stat.pickup.minecraft.gold_ore":19,"stat.useItem.minecraft.sapling":8,"stat.craftItem.minecraft.flint_and_steel":2,"stat.mineBlock.minecraft.lapis_ore":1,"stat.pickup.minecraft.iron_axe":1,"stat.damageTaken":13773,"stat.pickup.minecraft.leather":41,"stat.craftItem.techguns.revolver":1,"stat.mineBlock.minecraft.furnace":2,"stat.mineBlock.minecraft.torch":8,"stat.useItem.minecraft.wooden_pickaxe":30,"stat.pickup.srparasites.assimilated_flesh":22,"stat.pickup.minecraft.log2":3,"stat.pickup.minecraft.bed":2,"stat.pickup.minecraft.emerald_block":6,"stat.pickup.srparasites.canisteractive":1,"stat.pickup.srparasites.ada_bolster_drop":1,"stat.damageDealt":22877,"stat.killEntity.Cow":16,"stat.killEntity.Pig":8,"stat.craftItem.minecraft.stone_shovel":2,"stat.pickup.techguns.itemshared":221,"stat.walkOneCm":956914,"stat.useItem.quark.custom_chest":1,"stat.pickup.minecraft.stick":35,"stat.pickup.minecraft.diamond_pickaxe":1,"stat.craftItem.quark.custom_chest":2,"stat.pickup.techguns.t1_miner_boots":1,"stat.pickup.minecraft.clay_ball":27,"stat.useItem.minecraft.lava_bucket":11,"stat.useItem.minecraft.gold_ore":1,"stat.pickup.quark.root_flower":1,"stat.craftItem.minecraft.iron_chestplate":1,"stat.mineBlock.minecraft.wool":1,"stat.useItem.minecraft.stained_hardened_clay":1,"stat.pickup.minecraft.cooked_beef":122,"stat.pickup.minecraft.ladder":6,"stat.pickup.minecraft.gold_ingot":1,"stat.killEntity.Skeleton":5,"stat.craftItem.techguns.itemshared":337,"stat.mineBlock.minecraft.stonebrick":11,"stat.killEntity.Chicken":1,"stat.killEntity.Spider":16,"stat.pickup.minecraft.bread":9,"stat.mobKills":307,"stat.pickup.minecraft.quartz":4,"stat.useItem.minecraft.golden_apple":2,"stat.pickup.minecraft.water_bucket":7,"stat.pickup.minecraft.diamond":27,"stat.mineBlock.minecraft.leaves":13,"stat.pickup.minecraft.torch":18,"stat.mineBlock.srparasites.parasitecanister":11,"stat.mineBlock.minecraft.redstone_ore":29,"stat.mineBlock.minecraft.stone":998,"stat.craftItem.spartanshields.shield_tower_iron":1}