{"stat.pickup.minecraft.bone":56,"stat.leaveGame":1,"stat.mineBlock.minecraft.cobblestone":9,"stat.pickup.minecraft.stone_pickaxe":5,"stat.pickup.minecraft.flint":4,"stat.entityKilledBy.techguns.ZombieMiner":1,"stat.pickup.minecraft.leather_chestplate":4,"stat.mineBlock.srparasites.gore":45,"stat.mineBlock.minecraft.stained_glass_pane":10,"stat.mineBlock.charm.crate_sealed":1,"stat.mineBlock.minecraft.stained_glass":2,"stat.pickup.srparasites.parasitecanister":7,"stat.swimOneCm":6787,"stat.entityKilledBy.techguns.ZombieFarmer":1,"stat.pickup.quark.glass_shards":20,"stat.climbOneCm":13725,"stat.useItem.minecraft.planks":17,"stat.mineBlock.minecraft.web":9,"stat.pickup.capsule.capsule":3,"stat.useItem.minecraft.dirt":4,"stat.useItem.minecraft.stone_slab2":34,"stat.pickup.minecraft.iron_boots":3,"stat.useItem.minecraft.water_bucket":2,"stat.pickup.minecraft.rotten_flesh":2,"stat.pickup.minecraft.enchanting_table":2,"stat.craftItem.minecraft.stone_axe":2,"stat.craftItem.futuremc.campfire":1,"stat.useItem.minecraft.iron_ore":1,"stat.craftItem.minecraft.stone_pickaxe":2,"stat.useItem.srparasites.parasitecanister":1,"stat.pickup.minecraft.cobblestone":181,"stat.pickup.minecraft.leather_boots":1,"stat.pickup.minecraft.wooden_hoe":1,"stat.pickup.minecraft.gold_block":9,"stat.useItem.minecraft.stone_shovel":26,"stat.craftItem.minecraft.stone_sword":2,"stat.flyOneCm":374243,"stat.craftItem.techguns.handcannon":1,"stat.useItem.minecraft.cooked_beef":33,"stat.killEntity.techguns.ZombieFarmer":8,"stat.pickup.minecraft.redstone":19,"stat.mineBlock.minecraft.iron_ore":43,"stat.timeSinceDeath":6531,"stat.useItem.minecraft.iron_pickaxe":23,"stat.pickup.minecraft.stained_hardened_clay":30,"stat.craftItem.minecraft.wooden_pickaxe":1,"stat.pickup.minecraft.mutton":21,"stat.pickup.techguns.basicore":9,"stat.pickup.minecraft.stonebrick":31,"stat.furnaceInteraction":44,"stat.mineBlock.minecraft.coal_ore":26,"stat.pickup.srparasites.lurecomponent1":23,"stat.killEntity.Creeper":1,"stat.pickup.minecraft.wooden_sword":5,"stat.pickup.minecraft.string":15,"stat.mineBlock.minecraft.ladder":2,"stat.pickup.minecraft.beef":40,"stat.pickup.minecraft.furnace":5,"stat.useItem.minecraft.cooked_mutton":7,"stat.drop.usefulbackpacks.backpack":3,"stat.craftItem.minecraft.stone_slab2":0,"stat.pickup.minecraft.leather_helmet":3,"stat.mineBlock.minecraft.stained_hardened_clay":24,"stat.sprintOneCm":248917,"stat.pickup.minecraft.iron_chestplate":1,"stat.craftItem.minecraft.stick":36,"stat.craftItem.minecraft.stone":6,"stat.pickup.minecraft.potion":5,"stat.mineBlock.minecraft.crafting_table":1,"stat.pickup.minecraft.leather_leggings":4,"stat.entityKilledBy.Creeper":1,"stat.deaths":23,"stat.drop":6,"stat.playOneMinute":131268,"stat.useItem.minecraft.wooden_sword":79,"stat.pickup.techguns.handcannon":5,"stat.pickup.techguns.t1_miner_helmet":4,"stat.useItem.minecraft.ladder":6,"stat.craftItem.minecraft.iron_pickaxe":1,"stat.killEntity.Zombie":1,"stat.mineBlock.minecraft.tallgrass":42,"stat.craftItem.minecraft.cooked_mutton":7,"stat.diveOneCm":2899,"stat.pickup.minecraft.wheat":22,"stat.chestOpened":6,"stat.craftItem.minecraft.ladder":3,"stat.pickup.minecraft.gravel":37,"stat.pickup.minecraft.arrow":25,"stat.mineBlock.minecraft.ice":5,"stat.pickup.minecraft.stone_axe":4,"stat.pickup.charm.charged_emerald":1,"stat.pickup.minecraft.gold_nugget":2,"stat.jump":1835,"stat.pickup.minecraft.coal":43,"stat.pickup.minecraft.iron_helmet":1,"stat.fallOneCm":26614,"stat.pickup.minecraft.iron_ingot":93,"stat.useItem.minecraft.stone_axe":102,"stat.drop.minecraft.stone_sword":1,"stat.pickup.minecraft.gunpowder":36,"stat.crouchOneCm":42212,"stat.pickup.minecraft.spider_eye":11,"stat.craftItem.minecraft.iron_ingot":39,"stat.craftItem.minecraft.torch":8,"stat.pickup.minecraft.dirt":8,"stat.craftItem.minecraft.iron_helmet":1,"stat.craftingTableInteraction":47,"stat.pickup.minecraft.iron_ore":40,"stat.pickup.minecraft.stone_shovel":2,"stat.craftItem.minecraft.flint_and_steel":2,"stat.mineBlock.minecraft.log2":3,"stat.pickup.minecraft.wooden_pickaxe":6,"stat.damageTaken":8021,"stat.pickup.minecraft.leather":31,"stat.craftItem.techguns.revolver":1,"stat.killEntity.techguns.ZombieMiner":4,"stat.mineBlock.minecraft.furnace":1,"stat.useItem.minecraft.wooden_pickaxe":30,"stat.pickup.srparasites.assimilated_flesh":16,"stat.pickup.minecraft.log2":3,"stat.pickup.minecraft.dye":2,"stat.pickup.minecraft.planks":95,"stat.pickup.minecraft.iron_leggings":1,"stat.pickup.minecraft.bed":2,"stat.pickup.minecraft.wheat_seeds":24,"stat.pickup.minecraft.emerald_block":6,"stat.mineBlock.minecraft.gravel":34,"stat.useItem.minecraft.stone_pickaxe":211,"stat.mineBlock.minecraft.glass":2,"stat.useItem.minecraft.stone_sword":164,"stat.craftItem.minecraft.iron_leggings":1,"stat.damageDealt":7653,"stat.killEntity.Cow":10,"stat.mineBlock.minecraft.dirt":7,"stat.craftItem.minecraft.stone_shovel":2,"stat.pickup.techguns.itemshared":154,"stat.walkOneCm":427306,"stat.useItem.minecraft.torch":8,"stat.useItem.quark.custom_chest":1,"stat.pickup.minecraft.golden_apple":1,"stat.pickup.minecraft.stick":31,"stat.craftItem.quark.custom_chest":2,"stat.pickup.minecraft.crafting_table":2,"stat.useItem.minecraft.cobblestone":15,"stat.mineBlock.techguns.basicore":10,"stat.craftItem.minecraft.crafting_table":3,"stat.useItem.minecraft.gravel":18,"stat.mineBlock.minecraft.double_plant":2,"stat.drop.srparasites.parasitecanister":2,"stat.craftItem.srparasites.evolutionlure":2,"stat.pickup.minecraft.log":41,"stat.pickup.minecraft.iron_pickaxe":1,"stat.pickup.usefulbackpacks.backpack":6,"stat.craftItem.minecraft.iron_chestplate":1,"stat.mineBlock.minecraft.wool":1,"stat.useItem.minecraft.stained_hardened_clay":1,"stat.pickup.minecraft.sapling":4,"stat.pickup.minecraft.cooked_beef":96,"stat.pickup.minecraft.apple":10,"stat.pickup.minecraft.ladder":6,"stat.killEntity.Skeleton":2,"stat.mineBlock.overlast.red_leaves":6,"stat.craftItem.techguns.itemshared":213,"stat.craftItem.minecraft.bucket":1,"stat.mineBlock.minecraft.stonebrick":8,"stat.craftItem.minecraft.planks":24,"stat.pickup.futuremc.cornflower":2,"stat.killEntity.Spider":3,"stat.pickup.minecraft.stone_sword":8,"stat.pickup.minecraft.bread":8,"stat.mobKills":118,"stat.pickup.minecraft.book":45,"stat.useItem.minecraft.stonebrick":5,"stat.mineBlock.minecraft.log":35,"stat.craftItem.quark.spruce_button":1,"stat.useItem.minecraft.golden_apple":1,"stat.pickup.minecraft.water_bucket":7,"stat.pickup.minecraft.iron_door":1,"stat.pickup.minecraft.diamond":18,"stat.pickup.minecraft.torch":2,"stat.mineBlock.srparasites.parasitecanister":9,"stat.sneakTime":14872,"stat.pickup.minecraft.wool":1,"stat.mineBlock.minecraft.stone":118}