{"stat.walkOneCm":74003,"stat.pickup.minecraft.bone":5,"stat.drop.srparasites.lurecomponent2":1,"stat.drop.spartanweaponry.katana_diamond":1,"stat.pickup.cgm.scope":4,"stat.leaveGame":6,"stat.pickup.minecraft.arrow":5,"stat.useItem.srparasites.itemmobspawner_inhoos":1,"stat.mineBlock.minecraft.double_plant":2,"stat.pickup.nocubessrparmory.adaptivearmorhelmet":1,"stat.useItem.srparasites.itemmobspawner_host":2,"stat.pickup.srparasites.lurecomponent2":1,"stat.pickup.nocubessrparmory.overlordcore":2,"stat.pickup.nocubessrparmory.adaptivearmorlegs":1,"stat.pickup.srparasites.lurecomponent3":1,"stat.pickup.nocubessrparmory.adaptivearmorbody":1,"stat.pickup.srparasites.lurecomponent1":4,"stat.killEntity.Creeper":2,"stat.useItem.srparasites.itemmobspawner_dodsiv":1,"stat.jump":416,"stat.swimOneCm":218,"stat.fallOneCm":6247,"stat.drop.cgm.scope":2,"stat.drop.cgm.silencer":1,"stat.pickup.capsule.capsule":4,"stat.useItem.minecraft.milk_bucket":3,"stat.crouchOneCm":4270,"stat.pickup.cgm.chain_gun":1,"stat.sprintOneCm":34495,"stat.drop.cgm.bazooka":3,"stat.useItem.minecraft.stone_slab2":4,"stat.useItem.srparasites.itemmobspawner_ranracadapted":1,"stat.craftingTableInteraction":1,"stat.pickup.minecraft.rotten_flesh":9,"stat.killEntity.Skeleton":1,"stat.useItem.spartanweaponry.katana_diamond":11,"stat.useItem.srparasites.itemmobspawner_nogla":1,"stat.entityKilledBy.Spider":1,"stat.pickup.nocubessrparmory.evolutionarmorboots":1,"stat.damageTaken":1162,"stat.killEntity.Spider":1,"stat.drop.cgm.handgun":1,"stat.mobKills":70,"stat.drop.minecraft.golden_apple":1,"stat.pickup.minecraft.cobblestone":1,"stat.pickup.srparasites.assimilated_flesh":12,"stat.useItem.srparasites.itemmobspawner_heed":1,"stat.entityKilledBy.Creeper":1,"stat.flyOneCm":400391,"stat.deaths":6,"stat.pickup.minecraft.wheat_seeds":16,"stat.drop":11,"stat.playOneMinute":54163,"stat.entityKilledBy.Zombie":1,"stat.pickup.minecraft.birch_door":1,"stat.useItem.nocubessrparmory.thereapertrue":67,"stat.killEntity.Sheep":3,"stat.pickup.srparasites.dispatcher_drop":12,"stat.sneakTime":1923,"stat.damageDealt":14396,"stat.useItem.srparasites.itemmobspawner_cruxa":1,"stat.killEntity.Zombie":5,"stat.timeSinceDeath":40460,"stat.drop.cgm.chain_gun":1,"stat.killEntity.Cow":1,"stat.mineBlock.minecraft.tallgrass":43,"stat.diveOneCm":125}