{"stat.useItem.nocubessrpsurvival.assimilatedsoup":4,"stat.leaveGame":5,"stat.mineBlock.minecraft.sandstone":4,"stat.pickup.srparasites.parasitecanister":4,"stat.useItem.minecraft.planks":36,"stat.pickup.nocubessrpnests.neststonedark":12,"stat.pickup.srparasites.ada_arachnida_drop":1,"stat.drop.minecraft.iron_sword":1,"stat.pickup.minecraft.rotten_flesh":10,"stat.pickup.minecraft.sand":7,"stat.craftItem.minecraft.stone_axe":1,"stat.mineBlock.nocubessrpnests.nestegg":13,"stat.craftItem.spartanweaponry.boomerang_stone":1,"stat.mineBlock.techguns.concrete":1,"stat.craftItem.minecraft.stone_sword":1,"stat.useItem.spartanweaponry.boomerang_stone":1,"stat.pickup.nocubessrpnests.neststonespikes":12,"stat.mineBlock.minecraft.sand":2,"stat.pickup.quark.marble":62,"stat.killEntity.techguns.ZombieFarmer":6,"stat.pickup.quark.tallow":18,"stat.useItem.minecraft.iron_pickaxe":248,"stat.craftItem.minecraft.wooden_pickaxe":1,"stat.craftItem.spartanweaponry.boomerang_iron":1,"stat.drop.spartanweaponry.longsword_iron":2,"stat.pickup.techguns.basicore":10,"stat.furnaceInteraction":39,"stat.pickup.srparasites.lurecomponent2":2,"stat.pickup.srparasites.lurecomponent3":17,"stat.pickup.techguns.lamp0":18,"stat.pickup.srparasites.lurecomponent1":77,"stat.mineBlock.techguns.metalpanel":1,"stat.pickup.minecraft.beef":24,"stat.useItem.minecraft.cooked_mutton":5,"stat.pickup.minecraft.furnace":3,"stat.useItem.quark.marble":1,"stat.drop.nocubessrpsurvival.assimilatedsoup":1,"stat.pickup.minecraft.iron_chestplate":4,"stat.pickup.minecraft.potion":2,"stat.pickup.nocubessrpnests.neststonelight":14,"stat.pickup.srparasites.ada_manducater_drop":4,"stat.pickup.charm.totem_of_shielding":1,"stat.pickup.minecraft.bowl":10,"stat.deaths":6,"stat.pickup.minecraft.egg":2,"stat.craftItem.spartanweaponry.longsword_iron":1,"stat.playOneMinute":206510,"stat.useItem.nocubessrparmory.thereapertrue":231,"stat.craftItem.minecraft.iron_pickaxe":1,"stat.mineBlock.minecraft.tallgrass":42,"stat.pickup.minecraft.cooked_mutton":5,"stat.chestOpened":56,"stat.killEntity.quark:crab":1,"stat.useItem.spartanweaponry.boomerang_iron":53,"stat.pickup.minecraft.arrow":8,"stat.mineBlock.nocubessrpnests.neststonedark":13,"stat.craftItem.minecraft.coal":1,"stat.drop.minecraft.iron_pickaxe":1,"stat.fallOneCm":32522,"stat.pickup.minecraft.carrot":90,"stat.drop.minecraft.stone_sword":1,"stat.crouchOneCm":43080,"stat.craftItem.minecraft.iron_ingot":4,"stat.useItem.quark.root_flower":1,"stat.craftingTableInteraction":38,"stat.pickup.minecraft.jungle_door":1,"stat.pickup.minecraft.wooden_pickaxe":3,"stat.killEntity.techguns.ZombieMiner":8,"stat.pickup.minecraft.planks":122,"stat.pickup.minecraft.wheat_seeds":40,"stat.pickup.spartanweaponry.boomerang_iron":5,"stat.useItem.minecraft.stone_pickaxe":23,"stat.useItem.minecraft.stone_sword":19,"stat.mineBlock.minecraft.dirt":31,"stat.useItem.minecraft.bread":4,"stat.pickup.minecraft.golden_apple":23,"stat.pickup.minecraft.crafting_table":5,"stat.useItem.minecraft.cobblestone":84,"stat.mineBlock.techguns.basicore":10,"stat.craftItem.minecraft.crafting_table":1,"stat.mineBlock.nocubessrpnests.neststonelight":15,"stat.mineBlock.minecraft.double_plant":2,"stat.mineBlock.quark.stone_speleothem":1,"stat.pickup.minecraft.log":10,"stat.pickup.minecraft.iron_pickaxe":1,"stat.pickup.usefulbackpacks.backpack":4,"stat.craftItem.usefulbackpacks.backpack":4,"stat.pickup.minecraft.sapling":5,"stat.pickup.minecraft.apple":13,"stat.craftItem.spartanshields.shield_tower_wood":1,"stat.craftItem.minecraft.planks":40,"stat.useItem.minecraft.iron_sword":58,"stat.pickup.quark.root":1,"stat.mineBlock.minecraft.log":10,"stat.sneakTime":15516,"stat.pickup.minecraft.wool":24,"stat.pickup.minecraft.bone":10,"stat.pickup.spartanweaponry.longsword_iron":4,"stat.mineBlock.minecraft.cobblestone":5,"stat.pickup.minecraft.stone_pickaxe":1,"stat.craftItem.srparasites.infestremain":32,"stat.mineBlock.srparasites.gore":23,"stat.mineBlock.charm.crate_sealed":1,"stat.swimOneCm":9299,"stat.useItem.techguns.lamp0":3,"stat.climbOneCm":23919,"stat.pickup.capsule.capsule":6,"stat.killEntity.techguns.ZombieSoldier":1,"stat.mineBlock.quark.roots":1,"stat.useItem.minecraft.dirt":51,"stat.mineBlock.quark.marble_speleothem":1,"stat.useItem.minecraft.stone_slab2":13,"stat.craftItem.minecraft.stone_pickaxe":1,"stat.craftItem.minecraft.cooked_beef":27,"stat.pickup.minecraft.cobblestone":322,"stat.flyOneCm":764133,"stat.pickup.minecraft.sandstone":3,"stat.useItem.minecraft.cooked_beef":51,"stat.pickup.minecraft.redstone":3,"stat.mineBlock.minecraft.iron_ore":13,"stat.timeSinceDeath":5558,"stat.pickup.minecraft.shield":3,"stat.killEntity.Creeper":3,"stat.pickup.minecraft.string":1,"stat.pickup.spartanweaponry.material":2,"stat.craftItem.minecraft.stone_slab2":0,"stat.sprintOneCm":134917,"stat.craftItem.nocubessrpsurvival.assimilatedsoup":9,"stat.pickup.spartanshields.shield_tower_iron":2,"stat.craftItem.minecraft.stick":28,"stat.pickup.techguns.t1_miner_leggings":8,"stat.pickup.nocubessrpnests.organicsample":14,"stat.mineBlock.minecraft.crafting_table":2,"stat.drop.minecraft.golden_apple":1,"stat.mineBlock.quark.marble":30,"stat.drop":19,"stat.useItem.minecraft.ladder":2,"stat.useItem.spartanweaponry.longsword_iron":258,"stat.diveOneCm":13152,"stat.pickup.minecraft.wheat":11,"stat.craftItem.minecraft.ladder":3,"stat.drop.minecraft.cooked_beef":11,"stat.pickup.minecraft.stone_axe":1,"stat.useItem.minecraft.apple":1,"stat.pickup.minecraft.obsidian":1,"stat.useItem.minecraft.potion":1,"stat.jump":2007,"stat.pickup.minecraft.coal":7,"stat.pickup.minecraft.iron_helmet":2,"stat.pickup.minecraft.iron_ingot":15,"stat.useItem.minecraft.stone_axe":1,"stat.pickup.minecraft.gunpowder":11,"stat.craftItem.minecraft.bread":1,"stat.pickup.minecraft.spider_eye":2,"stat.mineBlock.nocubessrpnests.neststonelightwall":3,"stat.pickup.minecraft.dirt":235,"stat.pickup.minecraft.iron_ore":14,"stat.pickup.minecraft.iron_axe":1,"stat.mineBlock.minecraft.glass_pane":1,"stat.damageTaken":6924,"stat.pickup.minecraft.leather":91,"stat.mineBlock.minecraft.furnace":1,"stat.useItem.minecraft.wooden_pickaxe":21,"stat.mineBlock.nocubessrpnests.neststonespikes":12,"stat.pickup.srparasites.ada_yelloweye_drop":4,"stat.pickup.srparasites.assimilated_flesh":135,"stat.mineBlock.minecraft.sandstone_stairs":1,"stat.drop.spartanweaponry.material":1,"stat.pickup.techguns.metalpanel":1,"stat.pickup.srparasites.canisteractive":2,"stat.pickup.srparasites.ada_bolster_drop":3,"stat.damageDealt":53331,"stat.craftItem.minecraft.bowl":12,"stat.killEntity.Cow":6,"stat.mineBlock.quark.roots_blue_flower":2,"stat.craftItem.minecraft.iron_sword":1,"stat.pickup.techguns.itemshared":19,"stat.walkOneCm":437446,"stat.pickup.minecraft.stick":60,"stat.mineBlock.srparasites.canisteractive":1,"stat.pickup.minecraft.rabbit_foot":1,"stat.pickup.quark.root_flower":8,"stat.craftItem.minecraft.iron_chestplate":1,"stat.pickup.nocubessrpnests.neststonelightwall":3,"stat.pickup.minecraft.ender_pearl":2,"stat.pickup.minecraft.cooked_beef":31,"stat.killEntity.Skeleton":1,"stat.pickup.minecraft.bread":3,"stat.mobKills":326,"stat.mineBlock.srparasites.parasitecanister":1,"stat.pickup.minecraft.torch":90,"stat.mineBlock.minecraft.stone":156,"stat.useItem.minecraft.sandstone":1,"stat.craftItem.spartanshields.shield_tower_iron":1}