{"stat.chestOpened":2,"stat.mineBlock.minecraft.mossy_cobblestone":6,"stat.pickup.minecraft.tripwire_hook":2,"stat.pickup.minecraft.bone":5,"stat.leaveGame":2,"stat.pickup.minecraft.arrow":21,"stat.mineBlock.minecraft.cobblestone":12,"stat.pickup.minecraft.stone_pickaxe":3,"stat.pickup.spartanweaponry.boomerang_lead":2,"stat.jump":403,"stat.swimOneCm":21697,"stat.pickup.minecraft.coal":25,"stat.climbOneCm":3126,"stat.fallOneCm":5380,"stat.pickup.minecraft.iron_ingot":14,"stat.pickup.capsule.capsule":6,"stat.drop.minecraft.stone_sword":1,"stat.pickup.minecraft.gunpowder":2,"stat.crouchOneCm":28533,"stat.pickup.minecraft.dirt":21,"stat.useItem.minecraft.dirt":1,"stat.useItem.minecraft.stone_slab2":5,"stat.pickup.srparasites.ada_arachnida_drop":2,"stat.useItem.minecraft.cooked_chicken":4,"stat.craftingTableInteraction":8,"stat.pickup.minecraft.iron_ore":6,"stat.craftItem.minecraft.furnace":1,"stat.drop.spartanweaponry.boomerang_stone":3,"stat.pickup.spartanweaponry.lance_lead":1,"stat.pickup.minecraft.wooden_pickaxe":2,"stat.damageTaken":1100,"stat.pickup.minecraft.feather":11,"stat.craftItem.spartanweaponry.boomerang_stone":3,"stat.craftItem.minecraft.stone_pickaxe":2,"stat.killEntity.techguns.ZombieMiner":2,"stat.useItem.minecraft.wooden_pickaxe":33,"stat.pickup.minecraft.cobblestone":213,"stat.pickup.srparasites.assimilated_flesh":28,"stat.mineBlock.minecraft.clay":2,"stat.pickup.minecraft.planks":128,"stat.craftItem.minecraft.stone_sword":2,"stat.useItem.spartanweaponry.boomerang_stone":14,"stat.flyOneCm":97933,"stat.pickup.minecraft.wheat_seeds":5,"stat.pickup.quark.rune":1,"stat.useItem.minecraft.stone_pickaxe":178,"stat.useItem.minecraft.cooked_beef":8,"stat.useItem.minecraft.stone_sword":69,"stat.killEntity.techguns.ZombieFarmer":2,"stat.damageDealt":10103,"stat.drop.minecraft.cooked_chicken":1,"stat.pickup.minecraft.redstone":8,"stat.mineBlock.minecraft.iron_ore":6,"stat.craftItem.spartanweaponry.boomerang_lead":1,"stat.timeSinceDeath":6008,"stat.mineBlock.minecraft.dirt":9,"stat.craftItem.minecraft.wooden_pickaxe":1,"stat.pickup.minecraft.mossy_cobblestone":7,"stat.pickup.techguns.itemshared":1,"stat.walkOneCm":108761,"stat.pickup.spartanweaponry.boomerang_stone":3,"stat.pickup.minecraft.stick":9,"stat.mineBlock.minecraft.vine":3,"stat.pickup.minecraft.clay_ball":8,"stat.pickup.minecraft.stonebrick":5,"stat.useItem.minecraft.cobblestone":49,"stat.craftItem.minecraft.crafting_table":2,"stat.furnaceInteraction":8,"stat.mineBlock.minecraft.coal_ore":25,"stat.pickup.srparasites.lurecomponent3":1,"stat.pickup.srparasites.lurecomponent1":16,"stat.useItem.spartanweaponry.boomerang_lead":7,"stat.pickup.minecraft.log":9,"stat.pickup.minecraft.string":7,"stat.pickup.minecraft.filled_map":1,"stat.pickup.minecraft.iron_pickaxe":1,"stat.pickup.minecraft.furnace":2,"stat.drop.minecraft.iron_ore":6,"stat.craftItem.minecraft.stone_slab2":0,"stat.pickup.minecraft.chicken":6,"stat.sprintOneCm":12648,"stat.craftItem.minecraft.stick":12,"stat.pickup.srparasites.bone":3,"stat.pickup.minecraft.gold_ingot":7,"stat.pickup.srparasites.ada_summoner_drop":1,"stat.mineBlock.minecraft.tripwire_hook":3,"stat.mineBlock.minecraft.stonebrick":3,"stat.craftItem.minecraft.planks":36,"stat.pickup.minecraft.stone_stairs":2,"stat.killEntity.Chicken":6,"stat.pickup.minecraft.stone_sword":3,"stat.drop.capsule.capsule":2,"stat.mobKills":59,"stat.mineBlock.minecraft.log":11,"stat.pickup.charm.totem_of_shielding":2,"stat.craftItem.minecraft.cooked_chicken":5,"stat.pickup.minecraft.lever":1,"stat.deaths":2,"stat.drop":13,"stat.pickup.minecraft.egg":3,"stat.playOneMinute":45472,"stat.useItem.nocubessrparmory.thereapertrue":41,"stat.sneakTime":10871,"stat.pickup.minecraft.dispenser":2,"stat.mineBlock.minecraft.stone":145,"stat.mineBlock.minecraft.tallgrass":3,"stat.diveOneCm":9415}