{"stat.pickup.minecraft.bone":55,"stat.leaveGame":1,"stat.pickup.minecraft.stone_pickaxe":5,"stat.pickup.minecraft.flint":2,"stat.entityKilledBy.techguns.ZombieMiner":1,"stat.pickup.minecraft.leather_chestplate":4,"stat.mineBlock.srparasites.gore":26,"stat.mineBlock.minecraft.stained_glass_pane":10,"stat.mineBlock.minecraft.stained_glass":2,"stat.pickup.srparasites.parasitecanister":3,"stat.swimOneCm":5248,"stat.pickup.quark.glass_shards":20,"stat.climbOneCm":9387,"stat.useItem.minecraft.planks":17,"stat.mineBlock.minecraft.web":7,"stat.pickup.capsule.capsule":2,"stat.useItem.minecraft.dirt":4,"stat.useItem.minecraft.stone_slab2":21,"stat.pickup.minecraft.iron_boots":3,"stat.useItem.minecraft.water_bucket":2,"stat.pickup.minecraft.rotten_flesh":2,"stat.pickup.minecraft.enchanting_table":2,"stat.craftItem.minecraft.stone_axe":1,"stat.craftItem.minecraft.stone_pickaxe":1,"stat.pickup.minecraft.cobblestone":134,"stat.pickup.minecraft.leather_boots":1,"stat.pickup.minecraft.gold_block":9,"stat.useItem.minecraft.stone_shovel":6,"stat.craftItem.minecraft.stone_sword":1,"stat.flyOneCm":199221,"stat.craftItem.techguns.handcannon":1,"stat.useItem.minecraft.cooked_beef":21,"stat.killEntity.techguns.ZombieFarmer":3,"stat.pickup.minecraft.redstone":19,"stat.mineBlock.minecraft.iron_ore":4,"stat.timeSinceDeath":3648,"stat.pickup.minecraft.stained_hardened_clay":5,"stat.craftItem.minecraft.wooden_pickaxe":1,"stat.pickup.minecraft.mutton":21,"stat.pickup.minecraft.stonebrick":27,"stat.furnaceInteraction":16,"stat.mineBlock.minecraft.coal_ore":9,"stat.pickup.srparasites.lurecomponent1":20,"stat.pickup.minecraft.wooden_sword":5,"stat.pickup.minecraft.string":13,"stat.pickup.minecraft.beef":32,"stat.pickup.minecraft.furnace":4,"stat.drop.usefulbackpacks.backpack":3,"stat.craftItem.minecraft.stone_slab2":0,"stat.pickup.minecraft.leather_helmet":3,"stat.sprintOneCm":173120,"stat.pickup.minecraft.iron_chestplate":1,"stat.craftItem.minecraft.stick":12,"stat.craftItem.minecraft.stone":6,"stat.pickup.minecraft.potion":5,"stat.mineBlock.minecraft.crafting_table":1,"stat.pickup.minecraft.leather_leggings":4,"stat.entityKilledBy.Creeper":1,"stat.deaths":6,"stat.drop":3,"stat.playOneMinute":70068,"stat.useItem.minecraft.wooden_sword":79,"stat.pickup.techguns.handcannon":5,"stat.pickup.techguns.t1_miner_helmet":4,"stat.killEntity.Zombie":1,"stat.mineBlock.minecraft.tallgrass":37,"stat.diveOneCm":330,"stat.pickup.minecraft.wheat":21,"stat.chestOpened":6,"stat.pickup.minecraft.gravel":12,"stat.pickup.minecraft.arrow":23,"stat.pickup.minecraft.stone_axe":4,"stat.pickup.charm.charged_emerald":1,"stat.jump":1107,"stat.pickup.minecraft.coal":22,"stat.pickup.minecraft.iron_helmet":1,"stat.fallOneCm":15639,"stat.pickup.minecraft.iron_ingot":92,"stat.useItem.minecraft.stone_axe":24,"stat.pickup.minecraft.gunpowder":31,"stat.crouchOneCm":16706,"stat.pickup.minecraft.spider_eye":11,"stat.craftItem.minecraft.iron_ingot":4,"stat.pickup.minecraft.dirt":6,"stat.craftingTableInteraction":26,"stat.pickup.minecraft.iron_ore":4,"stat.pickup.minecraft.stone_shovel":2,"stat.craftItem.minecraft.flint_and_steel":1,"stat.mineBlock.minecraft.log2":3,"stat.pickup.minecraft.wooden_pickaxe":6,"stat.damageTaken":2846,"stat.pickup.minecraft.leather":27,"stat.killEntity.techguns.ZombieMiner":2,"stat.useItem.minecraft.wooden_pickaxe":30,"stat.pickup.srparasites.assimilated_flesh":10,"stat.pickup.minecraft.log2":3,"stat.pickup.minecraft.dye":2,"stat.pickup.minecraft.planks":95,"stat.pickup.minecraft.iron_leggings":1,"stat.pickup.minecraft.bed":2,"stat.pickup.minecraft.wheat_seeds":23,"stat.pickup.minecraft.emerald_block":6,"stat.mineBlock.minecraft.gravel":6,"stat.useItem.minecraft.stone_pickaxe":76,"stat.mineBlock.minecraft.glass":2,"stat.useItem.minecraft.stone_sword":127,"stat.damageDealt":5183,"stat.killEntity.Cow":6,"stat.mineBlock.minecraft.dirt":5,"stat.craftItem.minecraft.stone_shovel":1,"stat.pickup.techguns.itemshared":150,"stat.walkOneCm":235395,"stat.useItem.quark.custom_chest":1,"stat.pickup.minecraft.stick":31,"stat.craftItem.quark.custom_chest":2,"stat.pickup.minecraft.crafting_table":2,"stat.useItem.minecraft.cobblestone":3,"stat.craftItem.minecraft.crafting_table":3,"stat.mineBlock.minecraft.double_plant":2,"stat.craftItem.srparasites.evolutionlure":2,"stat.pickup.minecraft.log":21,"stat.pickup.minecraft.iron_pickaxe":1,"stat.pickup.usefulbackpacks.backpack":6,"stat.pickup.minecraft.sapling":4,"stat.pickup.minecraft.cooked_beef":88,"stat.pickup.minecraft.apple":10,"stat.killEntity.Skeleton":2,"stat.craftItem.techguns.itemshared":66,"stat.craftItem.minecraft.bucket":1,"stat.mineBlock.minecraft.stonebrick":4,"stat.craftItem.minecraft.planks":20,"stat.pickup.futuremc.cornflower":2,"stat.killEntity.Spider":2,"stat.pickup.minecraft.stone_sword":8,"stat.pickup.minecraft.bread":4,"stat.mobKills":51,"stat.pickup.minecraft.book":45,"stat.useItem.minecraft.stonebrick":1,"stat.mineBlock.minecraft.log":15,"stat.pickup.minecraft.water_bucket":7,"stat.pickup.minecraft.iron_door":1,"stat.pickup.minecraft.diamond":18,"stat.pickup.minecraft.torch":1,"stat.mineBlock.srparasites.parasitecanister":4,"stat.sneakTime":5402,"stat.mineBlock.minecraft.stone":82}