{"stat.chestOpened":28,"stat.flyOneCm":235206,"stat.deaths":1,"stat.walkOneCm":13254,"stat.jump":31,"stat.swimOneCm":461,"stat.playOneMinute":22793,"stat.fallOneCm":3030,"stat.leaveGame":2,"stat.sneakTime":402,"stat.damageTaken":240,"stat.crouchOneCm":311,"stat.timeSinceDeath":18788,"stat.pickup.minecraft.leather_helmet":1,"stat.pickup.minecraft.carpet":1,"stat.pickup.minecraft.leather_chestplate":1,"stat.sprintOneCm":3764,"stat.useItem.minecraft.stone_slab2":18,"stat.pickup.minecraft.leather_leggings":1,"stat.pickup.minecraft.leather_boots":1,"stat.pickup.minecraft.cooked_beef":32,"stat.diveOneCm":7532}