{"stat.drop.minecraft.stone_pickaxe":1,"stat.craftItem.minecraft.cooked_rabbit":1,"stat.useItem.techguns.chainsaw":17,"stat.leaveGame":8,"stat.mineBlock.minecraft.cobblestone":8,"stat.pickup.minecraft.stone_pickaxe":3,"stat.pickup.minecraft.flint":1,"stat.mineBlock.minecraft.yellow_flower":2,"stat.mineBlock.srparasites.gore":2,"stat.mineBlock.minecraft.sandstone":1,"stat.useItem.minecraft.mutton":2,"stat.swimOneCm":10903,"stat.climbOneCm":8573,"stat.pickup.capsule.capsule":5,"stat.pickup.minecraft.porkchop":3,"stat.mineBlock.quark.roots":7,"stat.useItem.minecraft.dirt":5,"stat.useItem.minecraft.stone_slab2":15,"stat.pickup.minecraft.iron_boots":1,"stat.pickup.minecraft.rotten_flesh":8,"stat.pickup.minecraft.sand":21,"stat.craftItem.minecraft.iron_boots":1,"stat.craftItem.minecraft.stone_pickaxe":1,"stat.craftItem.minecraft.cooked_beef":5,"stat.pickup.minecraft.cobblestone":435,"stat.flyOneCm":182765,"stat.pickup.minecraft.sandstone":3,"stat.mineBlock.minecraft.sand":13,"stat.drop.minecraft.wheat_seeds":1,"stat.useItem.minecraft.cooked_beef":1,"stat.killEntity.techguns.ZombieFarmer":1,"stat.pickup.quark.tallow":1,"stat.pickup.minecraft.redstone":21,"stat.mineBlock.minecraft.iron_ore":37,"stat.timeSinceDeath":2011,"stat.useItem.minecraft.iron_pickaxe":422,"stat.drop.minecraft.log":4,"stat.pickup.minecraft.mutton":3,"stat.pickup.minecraft.mossy_cobblestone":1,"stat.pickup.minecraft.wooden_axe":5,"stat.pickup.techguns.basicore":14,"stat.pickup.minecraft.wooden_shovel":2,"stat.furnaceInteraction":26,"stat.mineBlock.minecraft.coal_ore":90,"stat.mineBlock.futuremc.cornflower":1,"stat.pickup.srparasites.lurecomponent1":11,"stat.entityKilledBy.techguns.PsychoSteve":2,"stat.pickup.minecraft.beef":7,"stat.pickup.minecraft.furnace":1,"stat.drop.spartanshields.shield_tower_iron":1,"stat.craftItem.minecraft.stone_slab2":0,"stat.sprintOneCm":143245,"stat.pickup.minecraft.iron_chestplate":3,"stat.craftItem.minecraft.stick":40,"stat.mineBlock.overlast.yellow_leaves":2,"stat.mineBlock.minecraft.diamond_ore":3,"stat.mineBlock.minecraft.crafting_table":1,"stat.useItem.minecraft.carrot":34,"stat.useItem.minecraft.wooden_shovel":4,"stat.useItem.minecraft.dye":43,"stat.useItem.minecraft.beef":2,"stat.deaths":11,"stat.drop":25,"stat.playOneMinute":88312,"stat.killEntity.Sheep":2,"stat.craftItem.minecraft.iron_pickaxe":2,"stat.pickup.minecraft.item_frame":15,"stat.killEntity.Zombie":2,"stat.craftItem.minecraft.dye":45,"stat.drop.minecraft.torch":8,"stat.mineBlock.minecraft.gold_ore":15,"stat.mineBlock.minecraft.tallgrass":49,"stat.diveOneCm":7551,"stat.pickup.minecraft.wheat":8,"stat.chestOpened":41,"stat.useItem.minecraft.cooked_rabbit":1,"stat.mineBlock.minecraft.mossy_cobblestone":1,"stat.pickup.minecraft.gravel":1,"stat.drop.minecraft.cooked_beef":2,"stat.useItem.minecraft.porkchop":3,"stat.useItem.minecraft.rotten_flesh":10,"stat.jump":1133,"stat.pickup.minecraft.coal":86,"stat.pickup.minecraft.iron_helmet":2,"stat.fallOneCm":17169,"stat.pickup.minecraft.iron_ingot":2,"stat.pickup.minecraft.carrot":45,"stat.pickup.minecraft.gunpowder":3,"stat.craftItem.minecraft.bread":3,"stat.crouchOneCm":23210,"stat.craftItem.minecraft.iron_ingot":32,"stat.craftItem.minecraft.torch":116,"stat.useItem.quark.root_flower":2,"stat.pickup.minecraft.dirt":24,"stat.craftingTableInteraction":26,"stat.pickup.minecraft.iron_ore":48,"stat.pickup.minecraft.gold_ore":15,"stat.mineBlock.minecraft.lapis_ore":3,"stat.pickup.minecraft.wooden_pickaxe":5,"stat.damageTaken":3064,"stat.pickup.minecraft.leather":6,"stat.mineBlock.minecraft.torch":3,"stat.mineBlock.minecraft.furnace":1,"stat.killEntity.techguns.ZombieMiner":2,"stat.useItem.minecraft.wooden_pickaxe":6,"stat.pickup.minecraft.dye":35,"stat.pickup.minecraft.planks":16,"stat.pickup.minecraft.iron_leggings":2,"stat.pickup.minecraft.wheat_seeds":14,"stat.pickup.minecraft.rabbit_hide":1,"stat.mineBlock.minecraft.gravel":2,"stat.useItem.minecraft.stone_pickaxe":110,"stat.damageDealt":2883,"stat.killEntity.Rabbit":1,"stat.craftItem.minecraft.glass":4,"stat.mineBlock.quark.roots_blue_flower":1,"stat.killEntity.Cow":4,"stat.mineBlock.minecraft.dirt":25,"stat.killEntity.Pig":1,"stat.pickup.techguns.itemshared":24,"stat.walkOneCm":322458,"stat.useItem.minecraft.torch":36,"stat.useItem.minecraft.bread":7,"stat.drop.minecraft.item_frame":3,"stat.pickup.minecraft.stick":12,"stat.pickup.minecraft.crafting_table":1,"stat.useItem.minecraft.cobblestone":74,"stat.mineBlock.techguns.basicore":14,"stat.mineBlock.minecraft.double_plant":2,"stat.pickup.techguns.chainsaw":1,"stat.mineBlock.quark.stone_speleothem":1,"stat.pickup.minecraft.log":17,"stat.pickup.quark.root_flower":2,"stat.pickup.minecraft.cooked_beef":1,"stat.craftItem.spartanshields.shield_tower_wood":2,"stat.craftItem.techguns.itemshared":54,"stat.craftItem.minecraft.planks":44,"stat.useItem.minecraft.iron_sword":46,"stat.pickup.minecraft.bread":4,"stat.mobKills":25,"stat.mineBlock.minecraft.log":17,"stat.pickup.minecraft.diamond":5,"stat.pickup.minecraft.torch":195,"stat.mineBlock.minecraft.redstone_ore":4,"stat.sneakTime":10447,"stat.pickup.minecraft.wool":2,"stat.pickup.minecraft.rabbit":1,"stat.drop.minecraft.beef":5,"stat.useItem.minecraft.wooden_axe":10,"stat.pickup.minecraft.yellow_flower":2,"stat.mineBlock.minecraft.stone":355,"stat.craftItem.spartanshields.shield_tower_iron":2}