{"stat.leaveGame":7,"stat.mineBlock.minecraft.cobblestone":2,"stat.mineBlock.srparasites.gore":7,"stat.mineBlock.minecraft.stained_glass":2,"stat.pickup.srparasites.parasitecanister":4,"stat.swimOneCm":438,"stat.pickup.quark.glass_shards":28,"stat.drop.quark.glass_shards":8,"stat.climbOneCm":8238,"stat.craftItem.minecraft.shield":1,"stat.useItem.minecraft.planks":29,"stat.pickup.capsule.capsule":3,"stat.pickup.minecraft.porkchop":3,"stat.useItem.minecraft.dirt":2,"stat.useItem.minecraft.stone_slab2":17,"stat.pickup.minecraft.rotten_flesh":2,"stat.craftItem.minecraft.stone_axe":2,"stat.craftItem.minecraft.iron_boots":1,"stat.pickup.minecraft.anvil":1,"stat.craftItem.minecraft.stone_pickaxe":1,"stat.pickup.minecraft.cobblestone":8,"stat.pickup.futuremc.sweet_berries":16,"stat.flyOneCm":119194,"stat.useItem.minecraft.cooked_beef":32,"stat.pickup.quark.tallow":5,"stat.mineBlock.minecraft.iron_ore":7,"stat.timeSinceDeath":59397,"stat.pickup.minecraft.stained_hardened_clay":3,"stat.craftItem.minecraft.wooden_pickaxe":1,"stat.pickup.minecraft.mutton":12,"stat.craftItem.minecraft.bed":1,"stat.furnaceInteraction":12,"stat.mineBlock.futuremc.cornflower":1,"stat.mineBlock.minecraft.coal_ore":13,"stat.pickup.srparasites.lurecomponent1":6,"stat.pickup.minecraft.string":5,"stat.craftItem.minecraft.stone_slab2":0,"stat.mineBlock.minecraft.stained_hardened_clay":3,"stat.sprintOneCm":132123,"stat.craftItem.minecraft.stick":20,"stat.craftItem.minecraft.wooden_axe":2,"stat.mineBlock.minecraft.crafting_table":6,"stat.mineBlock.minecraft.quartz_block":17,"stat.mineBlock.minecraft.planks":7,"stat.drop":24,"stat.playOneMinute":59397,"stat.useItem.minecraft.wooden_sword":79,"stat.killEntity.Sheep":6,"stat.killEntity.Zombie":3,"stat.pickup.minecraft.iron_bars":2,"stat.mineBlock.minecraft.tallgrass":21,"stat.pickup.minecraft.cooked_mutton":12,"stat.chestOpened":12,"stat.drop.srparasites.lurecomponent1":1,"stat.drop.minecraft.cooked_beef":10,"stat.mineBlock.minecraft.anvil":1,"stat.pickup.minecraft.wooden_pressure_plate":1,"stat.mineBlock.quark.roots_black_flower":1,"stat.jump":928,"stat.pickup.minecraft.coal":15,"stat.fallOneCm":15570,"stat.useItem.minecraft.stone_axe":87,"stat.craftItem.minecraft.bread":2,"stat.crouchOneCm":12757,"stat.mineBlock.minecraft.chest":1,"stat.pickup.minecraft.spider_eye":4,"stat.craftItem.minecraft.iron_ingot":9,"stat.craftItem.minecraft.chest":2,"stat.pickup.minecraft.dirt":4,"stat.craftItem.minecraft.iron_helmet":1,"stat.craftingTableInteraction":19,"stat.pickup.minecraft.iron_ore":7,"stat.mineBlock.minecraft.wooden_pressure_plate":1,"stat.mineBlock.minecraft.iron_bars":2,"stat.drop.quark.tallow":4,"stat.mineBlock.minecraft.log2":5,"stat.damageTaken":2857,"stat.pickup.minecraft.leather":6,"stat.useItem.futuremc.sweet_berries":2,"stat.mineBlock.minecraft.red_flower":1,"stat.mineBlock.minecraft.torch":2,"stat.useItem.minecraft.wooden_pickaxe":6,"stat.pickup.srparasites.assimilated_flesh":2,"stat.pickup.minecraft.log2":5,"stat.pickup.minecraft.planks":29,"stat.pickup.minecraft.wheat_seeds":4,"stat.pickup.minecraft.quartz_block":15,"stat.pickup.srparasites.canisteractive":1,"stat.useItem.minecraft.stone_pickaxe":77,"stat.craftItem.minecraft.iron_leggings":1,"stat.damageDealt":8377,"stat.killEntity.Cow":3,"stat.mineBlock.minecraft.dirt":1,"stat.killEntity.Pig":2,"stat.craftItem.minecraft.iron_sword":1,"stat.pickup.techguns.itemshared":2,"stat.walkOneCm":217854,"stat.useItem.minecraft.bread":3,"stat.useItem.minecraft.chest":2,"stat.pickup.minecraft.crafting_table":6,"stat.craftItem.minecraft.crafting_table":1,"stat.mineBlock.minecraft.double_plant":1,"stat.mineBlock.srparasites.canisteractive":2,"stat.pickup.minecraft.log":9,"stat.pickup.quark.root_flower":1,"stat.pickup.usefulbackpacks.backpack":1,"stat.craftItem.minecraft.gold_ingot":6,"stat.craftItem.minecraft.iron_chestplate":1,"stat.pickup.minecraft.cooked_beef":11,"stat.drop.srparasites.assimilated_flesh":1,"stat.pickup.minecraft.apple":1,"stat.craftItem.minecraft.planks":56,"stat.useItem.minecraft.iron_sword":39,"stat.pickup.futuremc.cornflower":1,"stat.killEntity.Spider":1,"stat.mobKills":68,"stat.pickup.minecraft.book":27,"stat.mineBlock.minecraft.log":9,"stat.mineBlock.minecraft.bookshelf":9,"stat.mineBlock.minecraft.leaves":5,"stat.mineBlock.srparasites.parasitecanister":6,"stat.pickup.minecraft.torch":2,"stat.pickup.minecraft.red_flower":1,"stat.sneakTime":4234,"stat.pickup.minecraft.wool":6,"stat.useItem.minecraft.wooden_axe":20,"stat.mineBlock.minecraft.stone":7,"stat.pickup.minecraft.chest":1}