{"stat.leaveGame":11,"stat.mineBlock.minecraft.stained_glass":2,"stat.pickup.srparasites.parasitecanister":7,"stat.drop.quark.glass_shards":8,"stat.craftItem.minecraft.shield":2,"stat.useItem.minecraft.planks":52,"stat.pickup.quark.ancient_tome":4,"stat.pickup.minecraft.glowstone_dust":9,"stat.pickup.minecraft.porkchop":3,"stat.mineBlock.minecraft.stone_brick_stairs":6,"stat.pickup.minecraft.rotten_flesh":2,"stat.craftItem.minecraft.stone_axe":2,"stat.killEntity.Enderman":1,"stat.useItem.spartanweaponry.boomerang_copper":19,"stat.killEntity.techguns.ZombieFarmer":7,"stat.pickup.quark.tallow":5,"stat.useItem.minecraft.iron_pickaxe":722,"stat.pickup.minecraft.stained_hardened_clay":5,"stat.craftItem.minecraft.wooden_pickaxe":1,"stat.craftItem.minecraft.bed":1,"stat.pickup.techguns.basicore":58,"stat.furnaceInteraction":85,"stat.drop.minecraft.gravel":2,"stat.craftItem.spartanweaponry.material":4,"stat.mineBlock.futuremc.cornflower":1,"stat.pickup.srparasites.lurecomponent3":2,"stat.pickup.srparasites.lurecomponent1":21,"stat.useItem.minecraft.cooked_mutton":12,"stat.pickup.minecraft.furnace":7,"stat.mineBlock.minecraft.stained_hardened_clay":5,"stat.pickup.minecraft.iron_chestplate":3,"stat.drop.minecraft.furnace":1,"stat.pickup.minecraft.emerald":3,"stat.deaths":5,"stat.playOneMinute":168024,"stat.craftItem.minecraft.iron_pickaxe":4,"stat.pickup.minecraft.iron_bars":2,"stat.drop.minecraft.torch":4,"stat.mineBlock.minecraft.tallgrass":28,"stat.pickup.minecraft.cooked_mutton":12,"stat.chestOpened":44,"stat.drop.srparasites.lurecomponent1":3,"stat.pickup.minecraft.arrow":4,"stat.pickup.minecraft.iron_sword":4,"stat.pickup.minecraft.wooden_pressure_plate":1,"stat.craftItem.spartanweaponry.boomerang_copper":1,"stat.drop.minecraft.iron_pickaxe":2,"stat.fallOneCm":33999,"stat.crouchOneCm":31989,"stat.mineBlock.minecraft.chest":1,"stat.craftItem.minecraft.iron_ingot":151,"stat.craftItem.minecraft.chest":2,"stat.craftingTableInteraction":47,"stat.mineBlock.minecraft.wooden_pressure_plate":1,"stat.drop.quark.tallow":4,"stat.pickup.spartanweaponry.boomerang_copper":5,"stat.mineBlock.minecraft.log2":5,"stat.useItem.futuremc.sweet_berries":19,"stat.killEntity.techguns.ZombieMiner":3,"stat.useItem.minecraft.furnace":7,"stat.pickup.minecraft.dye":10,"stat.pickup.minecraft.planks":55,"stat.pickup.minecraft.iron_leggings":3,"stat.pickup.minecraft.wheat_seeds":9,"stat.pickup.techguns.t1_miner_chestplate":2,"stat.useItem.minecraft.stone_pickaxe":395,"stat.craftItem.minecraft.iron_leggings":1,"stat.mineBlock.minecraft.dirt":23,"stat.useItem.minecraft.bread":12,"stat.useItem.minecraft.torch":108,"stat.pickup.minecraft.crafting_table":8,"stat.useItem.minecraft.log":1,"stat.useItem.minecraft.cobblestone":20,"stat.mineBlock.techguns.basicore":37,"stat.craftItem.minecraft.crafting_table":2,"stat.mineBlock.minecraft.double_plant":1,"stat.mineBlock.quark.stone_speleothem":2,"stat.mineBlock.minecraft.emerald_ore":3,"stat.pickup.minecraft.log":36,"stat.pickup.minecraft.iron_pickaxe":5,"stat.pickup.usefulbackpacks.backpack":1,"stat.craftItem.minecraft.gold_ingot":9,"stat.pickup.minecraft.wooden_door":5,"stat.pickup.minecraft.apple":4,"stat.useItem.spartanweaponry.hammer_copper":2,"stat.craftItem.minecraft.planks":160,"stat.useItem.minecraft.iron_sword":176,"stat.pickup.futuremc.cornflower":1,"stat.pickup.minecraft.book":27,"stat.mineBlock.minecraft.log":36,"stat.pickup.minecraft.red_flower":1,"stat.sneakTime":12153,"stat.pickup.minecraft.wool":6,"stat.useItem.minecraft.wooden_axe":20,"stat.pickup.minecraft.chest":1,"stat.pickup.minecraft.bone":1,"stat.mineBlock.minecraft.cobblestone":7,"stat.mineBlock.srparasites.gore":17,"stat.mineBlock.charm.crate_sealed":1,"stat.swimOneCm":25840,"stat.pickup.quark.glass_shards":35,"stat.climbOneCm":9684,"stat.pickup.capsule.capsule":3,"stat.drop.minecraft.cobblestone":20,"stat.pickup.minecraft.cooked_porkchop":4,"stat.mineBlock.quark.roots":2,"stat.useItem.minecraft.dirt":9,"stat.useItem.minecraft.stone_slab2":39,"stat.pickup.minecraft.iron_boots":3,"stat.craftItem.minecraft.furnace":5,"stat.craftItem.minecraft.iron_boots":1,"stat.pickup.minecraft.anvil":1,"stat.craftItem.minecraft.stone_pickaxe":3,"stat.pickup.minecraft.cobblestone":727,"stat.mineBlock.minecraft.clay":4,"stat.pickup.futuremc.sweet_berries":16,"stat.flyOneCm":300836,"stat.drop.minecraft.wheat_seeds":1,"stat.useItem.minecraft.cooked_beef":36,"stat.pickup.minecraft.redstone":71,"stat.mineBlock.minecraft.iron_ore":103,"stat.timeSinceDeath":6769,"stat.pickup.minecraft.mutton":12,"stat.pickup.minecraft.stonebrick":7,"stat.drop.minecraft.dirt":2,"stat.useItem.minecraft.cooked_porkchop":4,"stat.mineBlock.minecraft.coal_ore":65,"stat.pickup.minecraft.shield":2,"stat.pickup.minecraft.string":5,"stat.craftItem.minecraft.stone_slab2":0,"stat.sprintOneCm":315340,"stat.drop.minecraft.leather":1,"stat.craftItem.minecraft.stick":56,"stat.craftItem.minecraft.wooden_axe":2,"stat.mineBlock.minecraft.diamond_ore":4,"stat.mineBlock.minecraft.crafting_table":8,"stat.mineBlock.minecraft.quartz_block":17,"stat.mineBlock.minecraft.planks":16,"stat.drop":60,"stat.useItem.minecraft.wooden_sword":79,"stat.killEntity.Sheep":6,"stat.killEntity.Zombie":3,"stat.diveOneCm":4536,"stat.pickup.minecraft.wheat":4,"stat.pickup.minecraft.gravel":2,"stat.drop.minecraft.cooked_beef":10,"stat.mineBlock.minecraft.anvil":1,"stat.useItem.minecraft.apple":2,"stat.mineBlock.quark.roots_black_flower":1,"stat.pickup.minecraft.stone_brick_stairs":4,"stat.jump":2554,"stat.pickup.minecraft.coal":77,"stat.pickup.minecraft.iron_ingot":2,"stat.useItem.minecraft.stone_axe":135,"stat.craftItem.minecraft.bread":6,"stat.pickup.minecraft.gunpowder":5,"stat.pickup.minecraft.spider_eye":4,"stat.craftItem.minecraft.torch":92,"stat.pickup.minecraft.dirt":17,"stat.craftItem.minecraft.iron_helmet":2,"stat.drop.futuremc.sweet_berries":1,"stat.pickup.minecraft.iron_ore":126,"stat.mineBlock.minecraft.iron_bars":2,"stat.pickup.minecraft.gold_ore":3,"stat.mineBlock.minecraft.lapis_ore":1,"stat.damageTaken":6259,"stat.pickup.minecraft.leather":12,"stat.useItem.minecraft.stone_brick_stairs":1,"stat.mineBlock.minecraft.red_flower":1,"stat.mineBlock.minecraft.torch":19,"stat.mineBlock.minecraft.furnace":6,"stat.useItem.minecraft.wooden_pickaxe":6,"stat.pickup.srparasites.assimilated_flesh":4,"stat.pickup.minecraft.log2":5,"stat.pickup.minecraft.quartz_block":15,"stat.pickup.srparasites.canisteractive":4,"stat.pickup.minecraft.oak_stairs":5,"stat.damageDealt":14869,"stat.killEntity.Cow":3,"stat.mineBlock.quark.roots_blue_flower":2,"stat.killEntity.Pig":2,"stat.craftItem.minecraft.iron_sword":1,"stat.pickup.techguns.itemshared":52,"stat.walkOneCm":536742,"stat.useItem.minecraft.chest":2,"stat.craftItem.quark.custom_chest":1,"stat.pickup.techguns.t1_miner_boots":2,"stat.pickup.minecraft.clay_ball":9,"stat.mineBlock.srparasites.canisteractive":5,"stat.pickup.quark.root_flower":2,"stat.pickup.minecraft.stone":1,"stat.craftItem.minecraft.iron_chestplate":2,"stat.pickup.minecraft.cooked_beef":14,"stat.drop.srparasites.assimilated_flesh":1,"stat.pickup.minecraft.ladder":1,"stat.killEntity.Skeleton":2,"stat.craftItem.techguns.itemshared":29,"stat.mineBlock.minecraft.stonebrick":3,"stat.killEntity.Spider":1,"stat.pickup.minecraft.bread":5,"stat.mineBlock.minecraft.glowstone":3,"stat.mobKills":110,"stat.mineBlock.minecraft.bookshelf":9,"stat.pickup.minecraft.quartz":2,"stat.pickup.minecraft.diamond":12,"stat.mineBlock.minecraft.leaves":11,"stat.mineBlock.srparasites.parasitecanister":10,"stat.pickup.minecraft.torch":24,"stat.mineBlock.minecraft.redstone_ore":11,"stat.craftItem.spartanweaponry.hammer_copper":1,"stat.mineBlock.minecraft.stone":794}