{"stat.chestOpened":1,"stat.leaveGame":5,"stat.mineBlock.quark.roots_black_flower":1,"stat.pickup.srparasites.parasitecanister":3,"stat.jump":437,"stat.swimOneCm":13,"stat.pickup.minecraft.coal":15,"stat.climbOneCm":1141,"stat.fallOneCm":6890,"stat.craftItem.minecraft.shield":1,"stat.useItem.minecraft.planks":4,"stat.useItem.minecraft.stone_axe":12,"stat.crouchOneCm":8159,"stat.craftItem.minecraft.iron_ingot":9,"stat.pickup.minecraft.dirt":1,"stat.useItem.minecraft.stone_slab2":7,"stat.craftingTableInteraction":7,"stat.pickup.minecraft.iron_ore":7,"stat.craftItem.minecraft.stone_axe":1,"stat.mineBlock.minecraft.log2":5,"stat.damageTaken":509,"stat.pickup.minecraft.leather":6,"stat.craftItem.minecraft.stone_pickaxe":1,"stat.mineBlock.minecraft.red_flower":1,"stat.mineBlock.minecraft.torch":2,"stat.useItem.minecraft.wooden_pickaxe":6,"stat.pickup.minecraft.cobblestone":7,"stat.pickup.srparasites.assimilated_flesh":1,"stat.pickup.minecraft.log2":5,"stat.flyOneCm":73808,"stat.pickup.minecraft.wheat_seeds":3,"stat.pickup.srparasites.canisteractive":1,"stat.useItem.minecraft.stone_pickaxe":24,"stat.useItem.minecraft.cooked_beef":7,"stat.damageDealt":2144,"stat.mineBlock.minecraft.iron_ore":7,"stat.timeSinceDeath":24261,"stat.killEntity.Cow":3,"stat.craftItem.minecraft.wooden_pickaxe":1,"stat.pickup.techguns.itemshared":2,"stat.walkOneCm":81303,"stat.pickup.minecraft.crafting_table":3,"stat.craftItem.minecraft.crafting_table":1,"stat.furnaceInteraction":11,"stat.mineBlock.minecraft.double_plant":1,"stat.mineBlock.futuremc.cornflower":1,"stat.mineBlock.minecraft.coal_ore":13,"stat.mineBlock.srparasites.canisteractive":1,"stat.pickup.minecraft.log":9,"stat.pickup.quark.root_flower":1,"stat.pickup.usefulbackpacks.backpack":1,"stat.craftItem.minecraft.stone_slab2":0,"stat.craftItem.minecraft.gold_ingot":6,"stat.craftItem.minecraft.iron_chestplate":1,"stat.sprintOneCm":71424,"stat.pickup.minecraft.cooked_beef":10,"stat.drop.srparasites.assimilated_flesh":1,"stat.pickup.minecraft.apple":1,"stat.craftItem.minecraft.stick":12,"stat.craftItem.minecraft.wooden_axe":1,"stat.craftItem.minecraft.planks":56,"stat.pickup.futuremc.cornflower":1,"stat.mineBlock.minecraft.crafting_table":3,"stat.mobKills":23,"stat.mineBlock.minecraft.log":9,"stat.drop":1,"stat.mineBlock.minecraft.leaves":5,"stat.playOneMinute":24261,"stat.useItem.minecraft.wooden_sword":79,"stat.mineBlock.srparasites.parasitecanister":3,"stat.pickup.minecraft.torch":2,"stat.pickup.minecraft.red_flower":1,"stat.sneakTime":2261,"stat.useItem.minecraft.wooden_axe":8,"stat.mineBlock.minecraft.stone":7,"stat.mineBlock.minecraft.tallgrass":15}