{"stat.chestOpened":1,"stat.leaveGame":5,"stat.pickup.srparasites.parasitecanister":2,"stat.jump":182,"stat.pickup.minecraft.coal":2,"stat.climbOneCm":705,"stat.fallOneCm":3894,"stat.useItem.minecraft.stone_axe":7,"stat.crouchOneCm":5522,"stat.pickup.minecraft.dirt":1,"stat.useItem.minecraft.stone_slab2":5,"stat.craftingTableInteraction":4,"stat.craftItem.minecraft.stone_axe":1,"stat.mineBlock.minecraft.log2":5,"stat.damageTaken":325,"stat.pickup.minecraft.leather":6,"stat.craftItem.minecraft.stone_pickaxe":1,"stat.mineBlock.minecraft.red_flower":1,"stat.useItem.minecraft.wooden_pickaxe":6,"stat.pickup.minecraft.cobblestone":6,"stat.pickup.srparasites.assimilated_flesh":1,"stat.pickup.minecraft.log2":5,"stat.flyOneCm":36572,"stat.pickup.minecraft.wheat_seeds":2,"stat.pickup.srparasites.canisteractive":1,"stat.useItem.minecraft.stone_pickaxe":2,"stat.useItem.minecraft.cooked_beef":5,"stat.damageDealt":1162,"stat.timeSinceDeath":12561,"stat.killEntity.Cow":3,"stat.craftItem.minecraft.wooden_pickaxe":1,"stat.pickup.techguns.itemshared":2,"stat.walkOneCm":39577,"stat.pickup.minecraft.crafting_table":3,"stat.craftItem.minecraft.crafting_table":1,"stat.mineBlock.minecraft.double_plant":1,"stat.mineBlock.futuremc.cornflower":1,"stat.mineBlock.srparasites.canisteractive":1,"stat.pickup.minecraft.log":4,"stat.pickup.usefulbackpacks.backpack":1,"stat.sprintOneCm":34558,"stat.pickup.minecraft.cooked_beef":10,"stat.drop.srparasites.assimilated_flesh":1,"stat.craftItem.minecraft.stick":12,"stat.craftItem.minecraft.wooden_axe":1,"stat.craftItem.minecraft.planks":20,"stat.pickup.futuremc.cornflower":1,"stat.mineBlock.minecraft.crafting_table":3,"stat.mobKills":13,"stat.mineBlock.minecraft.log":4,"stat.drop":1,"stat.mineBlock.minecraft.leaves":5,"stat.playOneMinute":12561,"stat.useItem.minecraft.wooden_sword":47,"stat.mineBlock.srparasites.parasitecanister":2,"stat.pickup.minecraft.red_flower":1,"stat.sneakTime":1444,"stat.useItem.minecraft.wooden_axe":8,"stat.mineBlock.minecraft.stone":6,"stat.mineBlock.minecraft.tallgrass":9}