{"stat.chestOpened":4,"stat.drop.srparasites.lurecomponent1":1,"stat.leaveGame":6,"stat.mineBlock.minecraft.cobblestone":1,"stat.drop.minecraft.cooked_beef":10,"stat.mineBlock.minecraft.anvil":1,"stat.mineBlock.srparasites.gore":5,"stat.mineBlock.quark.roots_black_flower":1,"stat.pickup.srparasites.parasitecanister":4,"stat.jump":671,"stat.swimOneCm":438,"stat.pickup.quark.glass_shards":20,"stat.pickup.minecraft.coal":15,"stat.climbOneCm":4308,"stat.fallOneCm":10091,"stat.craftItem.minecraft.shield":1,"stat.useItem.minecraft.planks":11,"stat.pickup.capsule.capsule":2,"stat.useItem.minecraft.stone_axe":80,"stat.crouchOneCm":8974,"stat.mineBlock.minecraft.chest":1,"stat.craftItem.minecraft.iron_ingot":9,"stat.craftItem.minecraft.chest":2,"stat.pickup.minecraft.dirt":1,"stat.useItem.minecraft.stone_slab2":7,"stat.craftingTableInteraction":8,"stat.pickup.minecraft.iron_ore":7,"stat.craftItem.minecraft.stone_axe":1,"stat.mineBlock.minecraft.log2":5,"stat.pickup.minecraft.anvil":1,"stat.damageTaken":1060,"stat.pickup.minecraft.leather":6,"stat.craftItem.minecraft.stone_pickaxe":1,"stat.mineBlock.minecraft.red_flower":1,"stat.mineBlock.minecraft.torch":2,"stat.useItem.minecraft.wooden_pickaxe":6,"stat.pickup.minecraft.cobblestone":8,"stat.pickup.srparasites.assimilated_flesh":2,"stat.pickup.minecraft.log2":5,"stat.pickup.minecraft.planks":28,"stat.pickup.futuremc.sweet_berries":4,"stat.flyOneCm":98790,"stat.pickup.minecraft.wheat_seeds":4,"stat.pickup.srparasites.canisteractive":1,"stat.useItem.minecraft.stone_pickaxe":39,"stat.useItem.minecraft.cooked_beef":16,"stat.damageDealt":5381,"stat.mineBlock.minecraft.iron_ore":7,"stat.timeSinceDeath":36689,"stat.killEntity.Cow":3,"stat.pickup.minecraft.stained_hardened_clay":2,"stat.craftItem.minecraft.wooden_pickaxe":1,"stat.pickup.techguns.itemshared":2,"stat.walkOneCm":136042,"stat.pickup.minecraft.crafting_table":3,"stat.craftItem.minecraft.crafting_table":1,"stat.furnaceInteraction":12,"stat.mineBlock.minecraft.double_plant":1,"stat.mineBlock.futuremc.cornflower":1,"stat.mineBlock.minecraft.coal_ore":13,"stat.mineBlock.srparasites.canisteractive":2,"stat.pickup.srparasites.lurecomponent1":4,"stat.pickup.minecraft.log":9,"stat.pickup.quark.root_flower":1,"stat.pickup.usefulbackpacks.backpack":1,"stat.craftItem.minecraft.stone_slab2":0,"stat.craftItem.minecraft.gold_ingot":6,"stat.craftItem.minecraft.iron_chestplate":1,"stat.mineBlock.minecraft.stained_hardened_clay":2,"stat.sprintOneCm":105486,"stat.pickup.minecraft.cooked_beef":10,"stat.drop.srparasites.assimilated_flesh":1,"stat.pickup.minecraft.apple":1,"stat.craftItem.minecraft.stick":12,"stat.craftItem.minecraft.wooden_axe":1,"stat.craftItem.minecraft.planks":56,"stat.pickup.futuremc.cornflower":1,"stat.mineBlock.minecraft.crafting_table":3,"stat.mobKills":46,"stat.pickup.minecraft.book":18,"stat.mineBlock.minecraft.log":9,"stat.mineBlock.minecraft.bookshelf":6,"stat.mineBlock.minecraft.planks":6,"stat.drop":12,"stat.mineBlock.minecraft.leaves":5,"stat.playOneMinute":36689,"stat.useItem.minecraft.wooden_sword":79,"stat.mineBlock.srparasites.parasitecanister":4,"stat.pickup.minecraft.torch":2,"stat.pickup.minecraft.red_flower":1,"stat.sneakTime":2552,"stat.killEntity.Zombie":2,"stat.useItem.minecraft.wooden_axe":8,"stat.mineBlock.minecraft.stone":7,"stat.mineBlock.minecraft.tallgrass":20,"stat.pickup.minecraft.chest":1}