{"stat.pickup.minecraft.bone":1,"stat.leaveGame":10,"stat.mineBlock.minecraft.cobblestone":2,"stat.mineBlock.srparasites.gore":7,"stat.mineBlock.charm.crate_sealed":1,"stat.mineBlock.minecraft.stained_glass":2,"stat.pickup.srparasites.parasitecanister":7,"stat.swimOneCm":5895,"stat.pickup.quark.glass_shards":28,"stat.drop.quark.glass_shards":8,"stat.climbOneCm":9612,"stat.craftItem.minecraft.shield":2,"stat.useItem.minecraft.planks":46,"stat.pickup.capsule.capsule":3,"stat.pickup.minecraft.cooked_porkchop":4,"stat.pickup.minecraft.porkchop":3,"stat.mineBlock.quark.roots":2,"stat.useItem.minecraft.dirt":2,"stat.useItem.minecraft.stone_slab2":23,"stat.pickup.minecraft.rotten_flesh":2,"stat.craftItem.minecraft.furnace":1,"stat.craftItem.minecraft.stone_axe":2,"stat.craftItem.minecraft.iron_boots":1,"stat.pickup.minecraft.anvil":1,"stat.craftItem.minecraft.stone_pickaxe":3,"stat.killEntity.Enderman":1,"stat.pickup.minecraft.cobblestone":225,"stat.mineBlock.minecraft.clay":4,"stat.pickup.futuremc.sweet_berries":16,"stat.flyOneCm":197411,"stat.useItem.minecraft.cooked_beef":36,"stat.killEntity.techguns.ZombieFarmer":5,"stat.pickup.quark.tallow":5,"stat.pickup.minecraft.redstone":25,"stat.mineBlock.minecraft.iron_ore":72,"stat.timeSinceDeath":107826,"stat.useItem.minecraft.iron_pickaxe":65,"stat.pickup.minecraft.stained_hardened_clay":3,"stat.craftItem.minecraft.wooden_pickaxe":1,"stat.pickup.minecraft.mutton":12,"stat.craftItem.minecraft.bed":1,"stat.pickup.techguns.basicore":19,"stat.pickup.minecraft.stonebrick":1,"stat.furnaceInteraction":23,"stat.useItem.minecraft.cooked_porkchop":3,"stat.mineBlock.futuremc.cornflower":1,"stat.mineBlock.minecraft.coal_ore":49,"stat.pickup.srparasites.lurecomponent3":2,"stat.pickup.srparasites.lurecomponent1":8,"stat.pickup.minecraft.string":5,"stat.useItem.minecraft.cooked_mutton":12,"stat.pickup.minecraft.furnace":1,"stat.craftItem.minecraft.stone_slab2":0,"stat.mineBlock.minecraft.stained_hardened_clay":3,"stat.sprintOneCm":223420,"stat.craftItem.minecraft.stick":44,"stat.craftItem.minecraft.wooden_axe":2,"stat.mineBlock.minecraft.crafting_table":8,"stat.mineBlock.minecraft.quartz_block":17,"stat.mineBlock.minecraft.planks":16,"stat.drop":28,"stat.playOneMinute":107826,"stat.useItem.minecraft.wooden_sword":79,"stat.killEntity.Sheep":6,"stat.craftItem.minecraft.iron_pickaxe":1,"stat.killEntity.Zombie":3,"stat.pickup.minecraft.iron_bars":2,"stat.drop.minecraft.torch":4,"stat.mineBlock.minecraft.tallgrass":21,"stat.pickup.minecraft.cooked_mutton":12,"stat.pickup.minecraft.wheat":3,"stat.chestOpened":21,"stat.drop.srparasites.lurecomponent1":1,"stat.pickup.minecraft.arrow":3,"stat.drop.minecraft.cooked_beef":10,"stat.mineBlock.minecraft.anvil":1,"stat.pickup.minecraft.wooden_pressure_plate":1,"stat.mineBlock.quark.roots_black_flower":1,"stat.jump":1769,"stat.pickup.minecraft.coal":61,"stat.fallOneCm":26306,"stat.pickup.minecraft.iron_ingot":2,"stat.useItem.minecraft.stone_axe":135,"stat.craftItem.minecraft.bread":2,"stat.pickup.minecraft.gunpowder":5,"stat.crouchOneCm":26968,"stat.mineBlock.minecraft.chest":1,"stat.pickup.minecraft.spider_eye":4,"stat.craftItem.minecraft.iron_ingot":14,"stat.craftItem.minecraft.chest":2,"stat.craftItem.minecraft.torch":84,"stat.pickup.minecraft.dirt":8,"stat.craftItem.minecraft.iron_helmet":1,"stat.craftingTableInteraction":24,"stat.pickup.minecraft.iron_ore":88,"stat.mineBlock.minecraft.wooden_pressure_plate":1,"stat.mineBlock.minecraft.iron_bars":2,"stat.drop.quark.tallow":4,"stat.mineBlock.minecraft.log2":5,"stat.damageTaken":4330,"stat.pickup.minecraft.leather":8,"stat.useItem.futuremc.sweet_berries":10,"stat.mineBlock.minecraft.red_flower":1,"stat.mineBlock.minecraft.torch":6,"stat.killEntity.techguns.ZombieMiner":3,"stat.mineBlock.minecraft.furnace":1,"stat.useItem.minecraft.wooden_pickaxe":6,"stat.pickup.srparasites.assimilated_flesh":2,"stat.pickup.minecraft.log2":5,"stat.pickup.minecraft.planks":50,"stat.pickup.minecraft.wheat_seeds":8,"stat.pickup.minecraft.quartz_block":15,"stat.pickup.srparasites.canisteractive":3,"stat.pickup.techguns.t1_miner_chestplate":2,"stat.pickup.minecraft.oak_stairs":5,"stat.useItem.minecraft.stone_pickaxe":378,"stat.craftItem.minecraft.iron_leggings":1,"stat.damageDealt":13034,"stat.killEntity.Cow":3,"stat.mineBlock.quark.roots_blue_flower":2,"stat.mineBlock.minecraft.dirt":6,"stat.killEntity.Pig":2,"stat.craftItem.minecraft.iron_sword":1,"stat.pickup.techguns.itemshared":8,"stat.walkOneCm":375661,"stat.useItem.minecraft.bread":5,"stat.useItem.minecraft.torch":70,"stat.useItem.minecraft.chest":2,"stat.pickup.minecraft.crafting_table":8,"stat.useItem.minecraft.log":1,"stat.pickup.techguns.t1_miner_boots":2,"stat.pickup.minecraft.clay_ball":9,"stat.useItem.minecraft.cobblestone":8,"stat.mineBlock.techguns.basicore":19,"stat.craftItem.minecraft.crafting_table":2,"stat.mineBlock.minecraft.double_plant":1,"stat.mineBlock.srparasites.canisteractive":4,"stat.mineBlock.quark.stone_speleothem":2,"stat.pickup.minecraft.log":36,"stat.pickup.quark.root_flower":2,"stat.pickup.usefulbackpacks.backpack":1,"stat.craftItem.minecraft.gold_ingot":6,"stat.craftItem.minecraft.iron_chestplate":1,"stat.pickup.minecraft.wooden_door":5,"stat.pickup.minecraft.cooked_beef":14,"stat.drop.srparasites.assimilated_flesh":1,"stat.pickup.minecraft.apple":4,"stat.pickup.minecraft.ladder":1,"stat.killEntity.Skeleton":2,"stat.mineBlock.minecraft.stonebrick":1,"stat.craftItem.minecraft.planks":160,"stat.useItem.minecraft.iron_sword":132,"stat.pickup.futuremc.cornflower":1,"stat.killEntity.Spider":1,"stat.pickup.minecraft.bread":2,"stat.mobKills":98,"stat.pickup.minecraft.book":27,"stat.mineBlock.minecraft.log":36,"stat.mineBlock.minecraft.bookshelf":9,"stat.mineBlock.minecraft.leaves":11,"stat.mineBlock.srparasites.parasitecanister":9,"stat.pickup.minecraft.torch":8,"stat.pickup.minecraft.red_flower":1,"stat.mineBlock.minecraft.redstone_ore":5,"stat.sneakTime":10038,"stat.pickup.minecraft.wool":6,"stat.useItem.minecraft.wooden_axe":20,"stat.mineBlock.minecraft.stone":232,"stat.pickup.minecraft.chest":1}