{"stat.drop.srparasites.lurecomponent3":1,"stat.leaveGame":21,"stat.pickup.nocubessrparmory.thereapertrue":1,"stat.pickup.nocubessrparmory.adaptivearmorhelmet":2,"stat.mineBlock.srparasites.gore":1,"stat.pickup.nocubessrparmory.adaptivearmorbody":4,"stat.useItem.minecraft.rotten_flesh":1,"stat.jump":490,"stat.swimOneCm":122,"stat.pickup.minecraft.coal":6,"stat.fallOneCm":24008,"stat.pickup.capsule.capsule":2,"stat.crouchOneCm":13209,"stat.pickup.minecraft.dirt":27,"stat.useItem.minecraft.dirt":1,"stat.useItem.minecraft.stone_slab2":2,"stat.pickup.minecraft.rotten_flesh":12,"stat.useItem.spartanweaponry.katana_diamond":1,"stat.mineBlock.minecraft.log2":7,"stat.damageTaken":5003,"stat.pickup.minecraft.cobblestone":38,"stat.pickup.srparasites.assimilated_flesh":15,"stat.pickup.minecraft.log2":9,"stat.flyOneCm":96703,"stat.pickup.minecraft.wheat_seeds":9,"stat.pickup.nocubessrparmory.livingarmorhelmet":2,"stat.entityKilledBy.Zombie":1,"stat.drop.minecraft.wheat_seeds":2,"stat.damageDealt":893,"stat.timeSinceDeath":1941,"stat.mineBlock.minecraft.dirt":11,"stat.walkOneCm":64788,"stat.pickup.minecraft.golden_apple":169,"stat.mineBlock.minecraft.double_plant":1,"stat.pickup.nocubessrparmory.adaptivearmorlegs":1,"stat.pickup.srparasites.lurecomponent3":1,"stat.pickup.srparasites.lurecomponent1":4,"stat.pickup.spartanweaponry.katana_diamond":1,"stat.drop.minecraft.log2":3,"stat.entityKilledBy.Skeleton":3,"stat.sprintOneCm":60105,"stat.drop.srparasites.assimilated_flesh":1,"stat.craftItem.minecraft.planks":4,"stat.mineBlock.srparasites.infestremain":2,"stat.mobKills":7,"stat.useItem.minecraft.golden_apple":6,"stat.deaths":13,"stat.drop":7,"stat.mineBlock.minecraft.leaves":4,"stat.playOneMinute":35303,"stat.useItem.nocubessrparmory.thereapertrue":5,"stat.sneakTime":1706,"stat.mineBlock.minecraft.tallgrass":124}