{"stat.walkOneCm":61500,"stat.pickup.minecraft.golden_apple":169,"stat.pickup.cgm.scope":4,"stat.drop.srparasites.lurecomponent3":1,"stat.leaveGame":20,"stat.pickup.nocubessrparmory.thereapertrue":1,"stat.pickup.nocubessrparmory.adaptivearmorhelmet":2,"stat.pickup.cgm.handgun":2,"stat.pickup.nocubessrparmory.adaptivearmorlegs":1,"stat.pickup.srparasites.lurecomponent3":1,"stat.pickup.cgm.rifle":1,"stat.mineBlock.srparasites.gore":1,"stat.pickup.nocubessrparmory.adaptivearmorbody":4,"stat.pickup.srparasites.lurecomponent1":4,"stat.pickup.spartanweaponry.katana_diamond":1,"stat.useItem.minecraft.rotten_flesh":1,"stat.jump":438,"stat.swimOneCm":122,"stat.pickup.minecraft.coal":6,"stat.fallOneCm":22336,"stat.pickup.capsule.capsule":2,"stat.entityKilledBy.Skeleton":2,"stat.crouchOneCm":13207,"stat.pickup.cgm.chain_gun":1,"stat.pickup.minecraft.dirt":19,"stat.sprintOneCm":50856,"stat.useItem.minecraft.stone_slab2":2,"stat.drop.srparasites.assimilated_flesh":1,"stat.pickup.minecraft.rotten_flesh":12,"stat.useItem.spartanweaponry.katana_diamond":1,"stat.pickup.cgm.silencer":2,"stat.pickup.cgm.grenade_launcher":1,"stat.craftItem.minecraft.planks":4,"stat.mineBlock.srparasites.infestremain":2,"stat.damageTaken":4903,"stat.pickup.minecraft.cobblestone":38,"stat.mobKills":7,"stat.pickup.srparasites.assimilated_flesh":15,"stat.pickup.minecraft.log2":2,"stat.useItem.minecraft.golden_apple":6,"stat.flyOneCm":82857,"stat.deaths":12,"stat.pickup.minecraft.wheat_seeds":6,"stat.drop":2,"stat.mineBlock.minecraft.leaves":4,"stat.pickup.nocubessrparmory.livingarmorhelmet":2,"stat.playOneMinute":32414,"stat.entityKilledBy.Zombie":1,"stat.useItem.nocubessrparmory.thereapertrue":5,"stat.sneakTime":1668,"stat.damageDealt":893,"stat.timeSinceDeath":970,"stat.pickup.cgm.bazooka":5,"stat.mineBlock.minecraft.dirt":3,"stat.mineBlock.minecraft.tallgrass":96}