{"stat.useItem.nocubessrpsurvival.assimilatedsoup":1,"stat.leaveGame":12,"stat.killEntity.Parrot":1,"stat.mineBlock.minecraft.sandstone":6,"stat.useItem.minecraft.mutton":1,"stat.entityKilledBy.techguns.ZombieFarmer":2,"stat.useItem.minecraft.planks":2,"stat.craftItem.minecraft.shield":1,"stat.killEntity.futuremc:cod":2,"stat.mineBlock.minecraft.web":14,"stat.pickup.minecraft.porkchop":9,"stat.mineBlock.minecraft.stone_brick_stairs":2,"stat.pickup.minecraft.rotten_flesh":4,"stat.pickup.minecraft.sand":145,"stat.pickup.nocubessrpsurvival.roastedlumps":6,"stat.craftItem.minecraft.stone_sword":1,"stat.useItem.spartanweaponry.boomerang_stone":9,"stat.pickup.minecraft.brown_mushroom":1,"stat.mineBlock.minecraft.sand":52,"stat.pickup.nocubessrpsurvival.molderedpie":1,"stat.pickup.quark.tallow":14,"stat.useItem.minecraft.iron_pickaxe":167,"stat.craftItem.minecraft.wooden_pickaxe":1,"stat.pickup.spartanshields.shield_tower_wood":3,"stat.mineBlock.minecraft.vine":1,"stat.pickup.techguns.basicore":27,"stat.furnaceInteraction":37,"stat.mineBlock.quark.slate":39,"stat.pickup.srparasites.lurecomponent1":27,"stat.pickup.minecraft.beef":7,"stat.pickup.minecraft.furnace":4,"stat.useItem.minecraft.cooked_mutton":3,"stat.pickup.minecraft.iron_chestplate":3,"stat.pickup.minecraft.skull":2,"stat.pickup.spartanweaponry.halberd_iron":1,"stat.deaths":19,"stat.pickup.minecraft.bowl":17,"stat.playOneMinute":137278,"stat.pickup.techguns.handcannon":1,"stat.craftItem.minecraft.iron_pickaxe":3,"stat.pickup.minecraft.item_frame":3,"stat.mineBlock.minecraft.tallgrass":11,"stat.pickup.minecraft.cooked_mutton":3,"stat.chestOpened":7,"stat.drop.srparasites.lurecomponent1":3,"stat.useItem.minecraft.fish":4,"stat.pickup.minecraft.iron_sword":3,"stat.pickup.minecraft.arrow":4,"stat.fallOneCm":25965,"stat.pickup.quark.slate":80,"stat.crouchOneCm":27056,"stat.craftItem.minecraft.iron_ingot":22,"stat.pickup.minecraft.melon":6,"stat.craftingTableInteraction":22,"stat.pickup.minecraft.wooden_pickaxe":10,"stat.mineBlock.minecraft.log2":3,"stat.useItem.futuremc.sweet_berries":35,"stat.pickup.minecraft.feather":4,"stat.useItem.minecraft.furnace":3,"stat.pickup.minecraft.planks":190,"stat.pickup.minecraft.iron_leggings":3,"stat.pickup.minecraft.wheat_seeds":3,"stat.useItem.minecraft.stone_pickaxe":375,"stat.useItem.minecraft.stone_sword":55,"stat.mineBlock.minecraft.dirt":45,"stat.useItem.minecraft.torch":23,"stat.useItem.nocubessrpsurvival.molderedpie":1,"stat.drop.minecraft.rotten_flesh":2,"stat.pickup.minecraft.crafting_table":5,"stat.mineBlock.techguns.basicore":14,"stat.useItem.minecraft.cobblestone":15,"stat.craftItem.minecraft.crafting_table":5,"stat.pickup.minecraft.log":24,"stat.pickup.minecraft.iron_pickaxe":4,"stat.pickup.usefulbackpacks.backpack":5,"stat.drop.minecraft.sapling":2,"stat.pickup.minecraft.sapling":5,"stat.craftItem.minecraft.bucket":1,"stat.craftItem.minecraft.planks":108,"stat.useItem.minecraft.iron_sword":109,"stat.useItem.nocubessrpsurvival.ruptersalad":2,"stat.mineBlock.minecraft.log":24,"stat.pickup.nocubessrpsurvival.assimilatedsoup":1,"stat.sneakTime":11513,"stat.pickup.minecraft.wool":7,"stat.pickup.minecraft.stone_slab":4,"stat.drop.minecraft.stone_pickaxe":1,"stat.pickup.minecraft.bone":1,"stat.mineBlock.minecraft.cobblestone":11,"stat.pickup.minecraft.stone_pickaxe":7,"stat.mineBlock.srparasites.gore":9,"stat.mineBlock.minecraft.brown_mushroom":1,"stat.swimOneCm":64555,"stat.climbOneCm":5376,"stat.pickup.capsule.capsule":9,"stat.pickup.minecraft.cooked_porkchop":6,"stat.mineBlock.quark.roots":3,"stat.useItem.minecraft.dirt":11,"stat.useItem.minecraft.stone_slab2":15,"stat.pickup.minecraft.iron_boots":1,"stat.craftItem.minecraft.furnace":4,"stat.useItem.spartanweaponry.glaive_stone":9,"stat.craftItem.minecraft.stone_pickaxe":5,"stat.craftItem.minecraft.cooked_beef":7,"stat.pickup.spartanweaponry.glaive_stone":1,"stat.pickup.minecraft.cobblestone":1688,"stat.pickup.futuremc.sweet_berries":43,"stat.flyOneCm":154907,"stat.pickup.minecraft.sandstone":12,"stat.pickup.minecraft.fish":3,"stat.useItem.minecraft.cooked_beef":5,"stat.pickup.minecraft.redstone":28,"stat.mineBlock.minecraft.iron_ore":25,"stat.timeSinceDeath":5085,"stat.pickup.minecraft.mutton":2,"stat.pickup.minecraft.stonebrick":5,"stat.useItem.minecraft.cooked_porkchop":7,"stat.mineBlock.minecraft.coal_ore":44,"stat.pickup.minecraft.shield":1,"stat.pickup.minecraft.string":28,"stat.pickup.spartanweaponry.material":3,"stat.drop.usefulbackpacks.backpack":1,"stat.craftItem.minecraft.stone_slab2":0,"stat.sprintOneCm":217810,"stat.mineBlock.minecraft.stone_slab":2,"stat.pickup.spartanshields.shield_tower_iron":3,"stat.craftItem.minecraft.stick":20,"stat.drop.techguns.basicore":1,"stat.useItem.carryon.tile_item":1,"stat.pickup.techguns.t1_miner_leggings":2,"stat.mineBlock.minecraft.crafting_table":3,"stat.mineBlock.minecraft.planks":3,"stat.drop":14,"stat.killEntity.Sheep":1,"stat.killEntity.Zombie":1,"stat.diveOneCm":52150,"stat.craftItem.minecraft.cooked_porkchop":1,"stat.drop.minecraft.cooked_beef":2,"stat.useItem.nocubessrpsurvival.roastedlumps":6,"stat.craftItem.spartanweaponry.glaive_stone":1,"stat.useItem.minecraft.rotten_flesh":2,"stat.pickup.minecraft.stone_brick_stairs":2,"stat.jump":1717,"stat.pickup.minecraft.coal":133,"stat.pickup.minecraft.iron_ingot":21,"stat.pickup.minecraft.gunpowder":6,"stat.craftItem.minecraft.torch":20,"stat.pickup.minecraft.dirt":138,"stat.pickup.minecraft.iron_ore":66,"stat.mineBlock.minecraft.leaves2":1,"stat.damageTaken":7695,"stat.pickup.minecraft.leather":2,"stat.mineBlock.minecraft.furnace":2,"stat.mineBlock.minecraft.torch":3,"stat.mineBlock.minecraft.melon_block":1,"stat.useItem.minecraft.wooden_pickaxe":39,"stat.mineBlock.minecraft.sapling":1,"stat.pickup.srparasites.assimilated_flesh":9,"stat.pickup.minecraft.log2":3,"stat.pickup.srparasites.canisteractive":1,"stat.entityKilledBy.Zombie":1,"stat.damageDealt":4993,"stat.killEntity.Cow":3,"stat.killEntity.Pig":3,"stat.craftItem.minecraft.iron_sword":1,"stat.drop.techguns.itemshared":1,"stat.pickup.techguns.itemshared":15,"stat.walkOneCm":303864,"stat.pickup.spartanweaponry.boomerang_stone":1,"stat.pickup.minecraft.stick":31,"stat.mineBlock.srparasites.canisteractive":1,"stat.useItem.minecraft.melon":6,"stat.drop.nocubessrpsurvival.ruptersalad":1,"stat.pickup.minecraft.stone":1,"stat.craftItem.minecraft.iron_chestplate":1,"stat.mineBlock.minecraft.wool":1,"stat.craftItem.nocubessrpsurvival.ruptersalad":3,"stat.craftItem.techguns.itemshared":2,"stat.useItem.quark.slate":1,"stat.mineBlock.minecraft.stonebrick":5,"stat.mobKills":33,"stat.pickup.minecraft.water_bucket":2,"stat.pickup.srparasites.ada_reeker_drop":1,"stat.mineBlock.minecraft.leaves":21,"stat.pickup.minecraft.torch":79,"stat.mineBlock.minecraft.stone":385}