{"stat.chestOpened":5,"stat.pickup.minecraft.bone":4,"stat.drop.minecraft.wooden_pickaxe":1,"stat.leaveGame":3,"stat.pickup.minecraft.arrow":3,"stat.mineBlock.minecraft.stained_glass":2,"stat.useItem.spartanweaponry.greatsword_iron":37,"stat.jump":186,"stat.swimOneCm":1512,"stat.pickup.quark.glass_shards":6,"stat.pickup.minecraft.coal":42,"stat.fallOneCm":838,"stat.pickup.minecraft.iron_ingot":1,"stat.climbOneCm":7166,"stat.mineBlock.minecraft.web":3,"stat.useItem.minecraft.stone_axe":16,"stat.pickup.minecraft.spider_eye":4,"stat.craftItem.minecraft.torch":12,"stat.craftItem.minecraft.iron_ingot":9,"stat.useItem.minecraft.stone_slab2":5,"stat.craftingTableInteraction":11,"stat.pickup.minecraft.iron_ore":9,"stat.pickup.minecraft.rotten_flesh":3,"stat.craftItem.minecraft.furnace":1,"stat.craftItem.minecraft.stone_axe":1,"stat.brewingstandInteraction":1,"stat.damageTaken":295,"stat.pickup.minecraft.leather":3,"stat.craftItem.minecraft.stone_pickaxe":1,"stat.mineBlock.minecraft.furnace":1,"stat.killEntity.techguns.ZombieMiner":2,"stat.mineBlock.minecraft.torch":1,"stat.useItem.minecraft.wooden_pickaxe":49,"stat.pickup.minecraft.cobblestone":39,"stat.flyOneCm":19541,"stat.useItem.minecraft.stone_pickaxe":26,"stat.useItem.minecraft.cooked_beef":5,"stat.killEntity.techguns.ZombieFarmer":1,"stat.damageDealt":4038,"stat.pickup.minecraft.redstone":2,"stat.mineBlock.minecraft.iron_ore":9,"stat.timeSinceDeath":26484,"stat.craftItem.spartanshields.shield_basic_wood":1,"stat.killEntity.Cow":4,"stat.useItem.minecraft.iron_pickaxe":2,"stat.craftItem.minecraft.wooden_pickaxe":1,"stat.pickup.techguns.itemshared":2,"stat.walkOneCm":96683,"stat.useItem.minecraft.torch":7,"stat.pickup.minecraft.crafting_table":3,"stat.pickup.techguns.t1_miner_boots":1,"stat.furnaceInteraction":5,"stat.mineBlock.minecraft.double_plant":1,"stat.craftItem.spartanweaponry.material":1,"stat.mineBlock.minecraft.coal_ore":28,"stat.mineBlock.futuremc.cornflower":1,"stat.pickup.minecraft.log":15,"stat.pickup.minecraft.string":14,"stat.pickup.minecraft.furnace":1,"stat.pickup.usefulbackpacks.backpack":1,"stat.craftItem.minecraft.stone_slab2":0,"stat.pickup.minecraft.sapling":1,"stat.sprintOneCm":63035,"stat.pickup.minecraft.apple":3,"stat.pickup.minecraft.cooked_beef":7,"stat.craftItem.minecraft.stick":16,"stat.mineBlock.overlast.red_leaves":2,"stat.killEntity.Skeleton":4,"stat.craftItem.minecraft.planks":20,"stat.mineBlock.minecraft.crafting_table":3,"stat.killEntity.Spider":12,"stat.mobKills":32,"stat.mineBlock.minecraft.log":15,"stat.drop":2,"stat.pickup.minecraft.iron_door":1,"stat.mineBlock.minecraft.leaves":1,"stat.playOneMinute":26484,"stat.useItem.minecraft.wooden_sword":58,"stat.drop.minecraft.string":1,"stat.sneakTime":5,"stat.craftItem.minecraft.iron_pickaxe":1,"stat.craftItem.spartanweaponry.greatsword_iron":1,"stat.killEntity.Zombie":3,"stat.mineBlock.minecraft.stone":38,"stat.mineBlock.minecraft.tallgrass":5}