{"stat.useItem.minecraft.bow":10,"stat.leaveGame":15,"stat.entityKilledBy.techguns.ZombieMiner":1,"stat.craftItem.minecraft.iron_axe":1,"stat.mineBlock.minecraft.stained_glass":12,"stat.useItem.minecraft.mutton":1,"stat.drop.quark.glass_shards":17,"stat.useItem.minecraft.planks":2,"stat.mineBlock.minecraft.web":3,"stat.useItem.minecraft.water_bucket":1,"stat.pickup.minecraft.rotten_flesh":20,"stat.craftItem.minecraft.stone_axe":1,"stat.useItem.spartanweaponry.club_wood":48,"stat.pickup.minecraft.bucket":1,"stat.pickup.minecraft.wooden_hoe":1,"stat.killEntity.techguns.ZombieFarmer":9,"stat.craftItem.spartanshields.shield_basic_wood":2,"stat.useItem.minecraft.iron_pickaxe":140,"stat.pickup.minecraft.stained_hardened_clay":11,"stat.craftItem.minecraft.wooden_pickaxe":1,"stat.pickup.spartanweaponry.greatsword_iron":1,"stat.drop.minecraft.rail":2,"stat.mineBlock.minecraft.vine":1,"stat.furnaceInteraction":41,"stat.craftItem.spartanweaponry.material":2,"stat.mineBlock.futuremc.cornflower":2,"stat.pickup.srparasites.lurecomponent1":9,"stat.pickup.minecraft.beef":1,"stat.pickup.minecraft.furnace":5,"stat.drop.minecraft.stained_hardened_clay":1,"stat.mineBlock.minecraft.stained_hardened_clay":5,"stat.pickup.minecraft.iron_chestplate":1,"stat.deaths":9,"stat.pickup.minecraft.egg":3,"stat.playOneMinute":172046,"stat.pickup.techguns.handcannon":2,"stat.drop.minecraft.string":2,"stat.pickup.techguns.t1_miner_helmet":1,"stat.craftItem.minecraft.iron_pickaxe":2,"stat.mineBlock.minecraft.tallgrass":30,"stat.chestOpened":29,"stat.useItem.minecraft.stone":1,"stat.pickup.minecraft.arrow":17,"stat.craftItem.minecraft.coal":1,"stat.fallOneCm":21308,"stat.crouchOneCm":188,"stat.pickup.minecraft.rail":2,"stat.craftItem.minecraft.iron_ingot":51,"stat.pickup.minecraft.red_mushroom":1,"stat.craftingTableInteraction":41,"stat.killEntity.techguns.ZombieMiner":8,"stat.pickup.minecraft.dye":2,"stat.pickup.minecraft.planks":3,"stat.pickup.minecraft.iron_leggings":2,"stat.pickup.minecraft.wheat_seeds":12,"stat.useItem.minecraft.stone_pickaxe":130,"stat.mineBlock.minecraft.glass":2,"stat.craftItem.minecraft.iron_leggings":1,"stat.craftItem.spartanweaponry.club_wood":2,"stat.mineBlock.minecraft.dirt":60,"stat.useItem.minecraft.torch":100,"stat.useItem.minecraft.bread":9,"stat.pickup.minecraft.crafting_table":11,"stat.useItem.minecraft.cobblestone":28,"stat.mineBlock.minecraft.double_plant":2,"stat.pickup.minecraft.iron_hoe":1,"stat.pickup.minecraft.log":45,"stat.pickup.minecraft.iron_pickaxe":2,"stat.pickup.usefulbackpacks.backpack":3,"stat.craftItem.usefulbackpacks.backpack":1,"stat.pickup.minecraft.sapling":2,"stat.pickup.minecraft.apple":12,"stat.mineBlock.overlast.red_leaves":4,"stat.craftItem.minecraft.bucket":1,"stat.craftItem.minecraft.planks":88,"stat.pickup.futuremc.cornflower":1,"stat.drop.futuremc.cornflower":1,"stat.pickup.minecraft.book":6,"stat.mineBlock.minecraft.log":34,"stat.pickup.minecraft.iron_door":3,"stat.sneakTime":567,"stat.pickup.minecraft.wool":4,"stat.pickup.minecraft.chest":1,"stat.pickup.minecraft.bone":31,"stat.useItem.minecraft.iron_axe":9,"stat.drop.techguns.t1_miner_helmet":1,"stat.mineBlock.minecraft.cobblestone":1,"stat.pickup.minecraft.stone_pickaxe":2,"stat.mineBlock.srparasites.gore":4,"stat.craftItem.minecraft.wool":4,"stat.mineBlock.minecraft.stained_glass_pane":12,"stat.mineBlock.charm.crate_sealed":1,"stat.useItem.spartanweaponry.greatsword_iron":137,"stat.swimOneCm":10698,"stat.pickup.quark.glass_shards":48,"stat.climbOneCm":52617,"stat.pickup.spartanshields.shield_basic_iron":1,"stat.mineBlock.quark.roots":1,"stat.useItem.minecraft.dirt":33,"stat.pickup.minecraft.golden_helmet":1,"stat.useItem.minecraft.stone_slab2":31,"stat.pickup.minecraft.bow":2,"stat.craftItem.minecraft.furnace":1,"stat.pickup.minecraft.enchanting_table":1,"stat.useItem.minecraft.egg":1,"stat.craftItem.spartanshields.shield_basic_iron":1,"stat.craftItem.minecraft.stone_pickaxe":1,"stat.craftItem.minecraft.cooked_beef":1,"stat.pickup.minecraft.cobblestone":181,"stat.craftItem.minecraft.bow":2,"stat.flyOneCm":267294,"stat.drop.quark.rune":1,"stat.drop.minecraft.wheat_seeds":2,"stat.useItem.minecraft.cooked_beef":49,"stat.pickup.minecraft.redstone":11,"stat.mineBlock.minecraft.iron_ore":54,"stat.timeSinceDeath":13106,"stat.drop.minecraft.spider_eye":1,"stat.pickup.minecraft.mutton":1,"stat.pickup.minecraft.wooden_axe":1,"stat.mineBlock.minecraft.enchanting_table":1,"stat.drop.minecraft.dirt":1,"stat.mineBlock.minecraft.coal_ore":100,"stat.killEntity.Creeper":1,"stat.pickup.minecraft.string":22,"stat.mineBlock.minecraft.ladder":2,"stat.useItem.minecraft.milk_bucket":2,"stat.entityKilledBy.Skeleton":2,"stat.craftItem.minecraft.stone_slab2":0,"stat.sprintOneCm":449007,"stat.craftItem.minecraft.stick":52,"stat.useItem.minecraft.stone_slab":5,"stat.useItem.carryon.tile_item":3,"stat.mineBlock.minecraft.crafting_table":9,"stat.drop":16,"stat.craftItem.spartanshields.shield_basic_stone":1,"stat.useItem.minecraft.wooden_sword":58,"stat.killEntity.Sheep":1,"stat.craftItem.spartanweaponry.greatsword_iron":1,"stat.killEntity.Zombie":17,"stat.diveOneCm":4020,"stat.pickup.minecraft.wheat":12,"stat.drop.minecraft.wooden_pickaxe":1,"stat.useItem.minecraft.rotten_flesh":7,"stat.jump":1654,"stat.pickup.minecraft.coal":213,"stat.pickup.minecraft.iron_helmet":1,"stat.pickup.minecraft.iron_ingot":3,"stat.useItem.minecraft.stone_axe":32,"stat.pickup.minecraft.gunpowder":17,"stat.craftItem.minecraft.bread":4,"stat.pickup.minecraft.spider_eye":7,"stat.craftItem.minecraft.torch":140,"stat.craftItem.minecraft.iron_helmet":1,"stat.pickup.minecraft.dirt":60,"stat.pickup.minecraft.iron_ore":57,"stat.pickup.minecraft.iron_axe":1,"stat.mineBlock.minecraft.glass_pane":1,"stat.brewingstandInteraction":1,"stat.damageTaken":16397,"stat.pickup.minecraft.leather":14,"stat.mineBlock.minecraft.furnace":4,"stat.mineBlock.minecraft.torch":2,"stat.useItem.minecraft.wooden_pickaxe":49,"stat.pickup.srparasites.assimilated_flesh":8,"stat.entityKilledBy.Zombie":1,"stat.damageDealt":11401,"stat.killEntity.Cow":5,"stat.craftItem.minecraft.stone_slab":6,"stat.pickup.techguns.itemshared":196,"stat.walkOneCm":677926,"stat.pickup.minecraft.stick":3,"stat.pickup.techguns.t1_miner_boots":3,"stat.pickup.minecraft.clay_ball":2,"stat.useItem.minecraft.lava_bucket":25,"stat.pickup.quark.root_flower":1,"stat.pickup.minecraft.stone":1,"stat.craftItem.minecraft.iron_chestplate":1,"stat.useItem.minecraft.stained_hardened_clay":3,"stat.pickup.minecraft.cooked_beef":41,"stat.pickup.minecraft.ladder":3,"stat.killEntity.Skeleton":13,"stat.craftItem.techguns.itemshared":390,"stat.killEntity.Spider":25,"stat.pickup.minecraft.bread":4,"stat.mobKills":113,"stat.mineBlock.minecraft.bookshelf":2,"stat.mineBlock.minecraft.leaves":8,"stat.pickup.minecraft.torch":75,"stat.mineBlock.minecraft.stone":146}