{"stat.useItem.minecraft.bow":10,"stat.pickup.minecraft.bone":12,"stat.useItem.minecraft.iron_axe":9,"stat.leaveGame":11,"stat.drop.techguns.t1_miner_helmet":1,"stat.mineBlock.minecraft.cobblestone":1,"stat.pickup.minecraft.stone_pickaxe":2,"stat.craftItem.minecraft.iron_axe":1,"stat.craftItem.minecraft.wool":4,"stat.mineBlock.minecraft.stained_glass_pane":3,"stat.mineBlock.charm.crate_sealed":1,"stat.mineBlock.minecraft.stained_glass":4,"stat.useItem.spartanweaponry.greatsword_iron":85,"stat.swimOneCm":9832,"stat.pickup.quark.glass_shards":13,"stat.climbOneCm":16502,"stat.mineBlock.minecraft.web":3,"stat.mineBlock.quark.roots":1,"stat.useItem.minecraft.stone_slab2":15,"stat.useItem.minecraft.water_bucket":1,"stat.pickup.minecraft.rotten_flesh":3,"stat.craftItem.minecraft.furnace":1,"stat.pickup.minecraft.enchanting_table":1,"stat.craftItem.minecraft.stone_axe":1,"stat.craftItem.spartanshields.shield_basic_iron":1,"stat.pickup.minecraft.bucket":1,"stat.craftItem.minecraft.stone_pickaxe":1,"stat.craftItem.minecraft.cooked_beef":1,"stat.pickup.minecraft.cobblestone":80,"stat.craftItem.minecraft.bow":1,"stat.flyOneCm":112940,"stat.useItem.minecraft.cooked_beef":32,"stat.killEntity.techguns.ZombieFarmer":5,"stat.pickup.minecraft.redstone":2,"stat.mineBlock.minecraft.iron_ore":45,"stat.timeSinceDeath":32978,"stat.craftItem.spartanshields.shield_basic_wood":2,"stat.useItem.minecraft.iron_pickaxe":16,"stat.craftItem.minecraft.wooden_pickaxe":1,"stat.drop.minecraft.spider_eye":1,"stat.pickup.spartanweaponry.greatsword_iron":1,"stat.furnaceInteraction":34,"stat.mineBlock.minecraft.enchanting_table":1,"stat.craftItem.spartanweaponry.material":2,"stat.mineBlock.minecraft.coal_ore":84,"stat.mineBlock.futuremc.cornflower":1,"stat.pickup.srparasites.lurecomponent1":4,"stat.pickup.minecraft.string":21,"stat.pickup.minecraft.beef":1,"stat.pickup.minecraft.furnace":5,"stat.useItem.minecraft.milk_bucket":2,"stat.craftItem.minecraft.stone_slab2":0,"stat.sprintOneCm":225591,"stat.craftItem.minecraft.stick":52,"stat.mineBlock.minecraft.crafting_table":9,"stat.deaths":1,"stat.drop":4,"stat.pickup.minecraft.egg":2,"stat.playOneMinute":99641,"stat.craftItem.spartanshields.shield_basic_stone":1,"stat.useItem.minecraft.wooden_sword":58,"stat.pickup.techguns.handcannon":1,"stat.drop.minecraft.string":1,"stat.pickup.techguns.t1_miner_helmet":1,"stat.craftItem.minecraft.iron_pickaxe":1,"stat.craftItem.spartanweaponry.greatsword_iron":1,"stat.killEntity.Zombie":3,"stat.mineBlock.minecraft.tallgrass":15,"stat.diveOneCm":3807,"stat.pickup.minecraft.wheat":11,"stat.chestOpened":9,"stat.drop.minecraft.wooden_pickaxe":1,"stat.pickup.minecraft.arrow":4,"stat.craftItem.minecraft.coal":1,"stat.jump":853,"stat.pickup.minecraft.coal":196,"stat.pickup.minecraft.iron_helmet":1,"stat.fallOneCm":7998,"stat.pickup.minecraft.iron_ingot":2,"stat.useItem.minecraft.stone_axe":32,"stat.pickup.minecraft.gunpowder":9,"stat.crouchOneCm":16,"stat.pickup.minecraft.spider_eye":7,"stat.craftItem.minecraft.torch":140,"stat.craftItem.minecraft.iron_ingot":48,"stat.craftItem.minecraft.iron_helmet":1,"stat.pickup.minecraft.red_mushroom":1,"stat.craftingTableInteraction":32,"stat.pickup.minecraft.iron_ore":48,"stat.pickup.minecraft.iron_axe":1,"stat.brewingstandInteraction":1,"stat.damageTaken":3139,"stat.pickup.minecraft.leather":12,"stat.mineBlock.minecraft.furnace":4,"stat.killEntity.techguns.ZombieMiner":3,"stat.mineBlock.minecraft.torch":2,"stat.useItem.minecraft.wooden_pickaxe":49,"stat.pickup.srparasites.assimilated_flesh":2,"stat.pickup.minecraft.dye":2,"stat.pickup.minecraft.planks":3,"stat.pickup.minecraft.iron_leggings":1,"stat.pickup.minecraft.wheat_seeds":9,"stat.useItem.minecraft.stone_pickaxe":130,"stat.craftItem.minecraft.iron_leggings":1,"stat.damageDealt":6711,"stat.killEntity.Cow":5,"stat.pickup.techguns.itemshared":3,"stat.walkOneCm":328787,"stat.useItem.minecraft.torch":68,"stat.useItem.minecraft.bread":4,"stat.pickup.minecraft.stick":3,"stat.pickup.minecraft.crafting_table":10,"stat.pickup.techguns.t1_miner_boots":2,"stat.pickup.minecraft.clay_ball":2,"stat.useItem.minecraft.cobblestone":22,"stat.mineBlock.minecraft.double_plant":1,"stat.useItem.minecraft.lava_bucket":20,"stat.pickup.minecraft.log":38,"stat.pickup.minecraft.iron_pickaxe":1,"stat.pickup.usefulbackpacks.backpack":2,"stat.craftItem.usefulbackpacks.backpack":1,"stat.craftItem.minecraft.iron_chestplate":1,"stat.pickup.minecraft.sapling":2,"stat.pickup.minecraft.apple":8,"stat.pickup.minecraft.cooked_beef":33,"stat.mineBlock.overlast.red_leaves":4,"stat.killEntity.Skeleton":8,"stat.craftItem.techguns.itemshared":86,"stat.craftItem.minecraft.bucket":1,"stat.craftItem.minecraft.planks":44,"stat.killEntity.Spider":21,"stat.pickup.minecraft.bread":3,"stat.mobKills":60,"stat.mineBlock.minecraft.log":27,"stat.pickup.minecraft.iron_door":2,"stat.mineBlock.minecraft.leaves":2,"stat.pickup.minecraft.torch":21,"stat.sneakTime":11,"stat.pickup.minecraft.wool":3,"stat.mineBlock.minecraft.stone":55}