{"stat.chestOpened":7,"stat.pickup.minecraft.bone":4,"stat.drop.minecraft.wooden_pickaxe":1,"stat.leaveGame":3,"stat.pickup.minecraft.arrow":3,"stat.mineBlock.minecraft.stained_glass":2,"stat.useItem.spartanweaponry.greatsword_iron":48,"stat.jump":234,"stat.swimOneCm":1512,"stat.pickup.quark.glass_shards":6,"stat.pickup.minecraft.coal":50,"stat.fallOneCm":1525,"stat.pickup.minecraft.iron_ingot":1,"stat.climbOneCm":7166,"stat.mineBlock.minecraft.web":3,"stat.useItem.minecraft.stone_axe":30,"stat.pickup.minecraft.gunpowder":1,"stat.pickup.minecraft.spider_eye":6,"stat.craftItem.minecraft.torch":56,"stat.craftItem.minecraft.iron_ingot":9,"stat.useItem.minecraft.stone_slab2":8,"stat.craftingTableInteraction":14,"stat.pickup.minecraft.iron_ore":9,"stat.pickup.minecraft.rotten_flesh":3,"stat.craftItem.minecraft.furnace":1,"stat.craftItem.minecraft.stone_axe":1,"stat.brewingstandInteraction":1,"stat.damageTaken":543,"stat.pickup.minecraft.leather":4,"stat.craftItem.minecraft.stone_pickaxe":1,"stat.mineBlock.minecraft.furnace":1,"stat.killEntity.techguns.ZombieMiner":3,"stat.mineBlock.minecraft.torch":1,"stat.useItem.minecraft.wooden_pickaxe":49,"stat.pickup.minecraft.cobblestone":39,"stat.craftItem.minecraft.bow":1,"stat.flyOneCm":30153,"stat.useItem.minecraft.stone_pickaxe":34,"stat.useItem.minecraft.cooked_beef":7,"stat.killEntity.techguns.ZombieFarmer":1,"stat.damageDealt":4951,"stat.pickup.minecraft.redstone":2,"stat.mineBlock.minecraft.iron_ore":9,"stat.timeSinceDeath":33234,"stat.craftItem.spartanshields.shield_basic_wood":1,"stat.killEntity.Cow":4,"stat.useItem.minecraft.iron_pickaxe":2,"stat.craftItem.minecraft.wooden_pickaxe":1,"stat.drop.minecraft.spider_eye":1,"stat.pickup.techguns.itemshared":3,"stat.walkOneCm":118673,"stat.useItem.minecraft.torch":16,"stat.pickup.minecraft.crafting_table":6,"stat.pickup.techguns.t1_miner_boots":1,"stat.furnaceInteraction":5,"stat.mineBlock.minecraft.double_plant":1,"stat.craftItem.spartanweaponry.material":1,"stat.mineBlock.minecraft.coal_ore":36,"stat.mineBlock.futuremc.cornflower":1,"stat.pickup.minecraft.log":21,"stat.pickup.minecraft.string":15,"stat.pickup.minecraft.furnace":1,"stat.pickup.usefulbackpacks.backpack":1,"stat.craftItem.minecraft.stone_slab2":0,"stat.pickup.minecraft.sapling":2,"stat.sprintOneCm":81477,"stat.pickup.minecraft.apple":3,"stat.pickup.minecraft.cooked_beef":7,"stat.craftItem.minecraft.stick":28,"stat.mineBlock.overlast.red_leaves":4,"stat.killEntity.Skeleton":4,"stat.craftItem.minecraft.planks":24,"stat.mineBlock.minecraft.crafting_table":6,"stat.killEntity.Spider":16,"stat.mobKills":37,"stat.mineBlock.minecraft.log":21,"stat.drop":3,"stat.pickup.minecraft.iron_door":1,"stat.mineBlock.minecraft.leaves":1,"stat.playOneMinute":33234,"stat.craftItem.spartanshields.shield_basic_stone":1,"stat.useItem.minecraft.wooden_sword":58,"stat.drop.minecraft.string":1,"stat.sneakTime":5,"stat.craftItem.minecraft.iron_pickaxe":1,"stat.craftItem.spartanweaponry.greatsword_iron":1,"stat.killEntity.Zombie":3,"stat.mineBlock.minecraft.stone":38,"stat.mineBlock.minecraft.tallgrass":5,"stat.pickup.minecraft.wheat":4}