{"stat.useItem.minecraft.bow":10,"stat.pickup.minecraft.bone":6,"stat.useItem.minecraft.iron_axe":1,"stat.leaveGame":6,"stat.drop.techguns.t1_miner_helmet":1,"stat.mineBlock.minecraft.cobblestone":1,"stat.craftItem.minecraft.iron_axe":1,"stat.craftItem.minecraft.wool":4,"stat.mineBlock.charm.crate_sealed":1,"stat.mineBlock.minecraft.stained_glass":2,"stat.useItem.spartanweaponry.greatsword_iron":67,"stat.swimOneCm":8159,"stat.pickup.quark.glass_shards":6,"stat.climbOneCm":7863,"stat.mineBlock.minecraft.web":3,"stat.mineBlock.quark.roots":1,"stat.useItem.minecraft.stone_slab2":13,"stat.useItem.minecraft.water_bucket":1,"stat.pickup.minecraft.rotten_flesh":3,"stat.craftItem.minecraft.furnace":1,"stat.craftItem.minecraft.stone_axe":1,"stat.craftItem.spartanshields.shield_basic_iron":1,"stat.craftItem.minecraft.stone_pickaxe":1,"stat.pickup.minecraft.cobblestone":56,"stat.craftItem.minecraft.bow":1,"stat.flyOneCm":52954,"stat.useItem.minecraft.cooked_beef":16,"stat.killEntity.techguns.ZombieFarmer":2,"stat.pickup.minecraft.redstone":2,"stat.mineBlock.minecraft.iron_ore":38,"stat.timeSinceDeath":64036,"stat.craftItem.spartanshields.shield_basic_wood":2,"stat.useItem.minecraft.iron_pickaxe":4,"stat.craftItem.minecraft.wooden_pickaxe":1,"stat.drop.minecraft.spider_eye":1,"stat.furnaceInteraction":18,"stat.craftItem.spartanweaponry.material":2,"stat.mineBlock.minecraft.coal_ore":66,"stat.mineBlock.futuremc.cornflower":1,"stat.pickup.srparasites.lurecomponent1":4,"stat.pickup.minecraft.string":15,"stat.pickup.minecraft.furnace":3,"stat.craftItem.minecraft.stone_slab2":0,"stat.sprintOneCm":123935,"stat.craftItem.minecraft.stick":36,"stat.mineBlock.minecraft.crafting_table":8,"stat.drop":4,"stat.playOneMinute":64036,"stat.craftItem.spartanshields.shield_basic_stone":1,"stat.useItem.minecraft.wooden_sword":58,"stat.drop.minecraft.string":1,"stat.pickup.techguns.t1_miner_helmet":1,"stat.craftItem.minecraft.iron_pickaxe":1,"stat.craftItem.spartanweaponry.greatsword_iron":1,"stat.killEntity.Zombie":3,"stat.mineBlock.minecraft.tallgrass":6,"stat.diveOneCm":3807,"stat.pickup.minecraft.wheat":8,"stat.chestOpened":7,"stat.drop.minecraft.wooden_pickaxe":1,"stat.pickup.minecraft.arrow":3,"stat.craftItem.minecraft.coal":1,"stat.jump":556,"stat.pickup.minecraft.coal":130,"stat.fallOneCm":3877,"stat.pickup.minecraft.iron_ingot":1,"stat.useItem.minecraft.stone_axe":32,"stat.pickup.minecraft.gunpowder":1,"stat.pickup.minecraft.spider_eye":6,"stat.craftItem.minecraft.torch":64,"stat.craftItem.minecraft.iron_ingot":38,"stat.craftItem.minecraft.iron_helmet":1,"stat.craftingTableInteraction":28,"stat.pickup.minecraft.iron_ore":38,"stat.brewingstandInteraction":1,"stat.damageTaken":1297,"stat.pickup.minecraft.leather":4,"stat.mineBlock.minecraft.furnace":3,"stat.killEntity.techguns.ZombieMiner":3,"stat.mineBlock.minecraft.torch":2,"stat.useItem.minecraft.wooden_pickaxe":49,"stat.pickup.minecraft.dye":2,"stat.pickup.minecraft.wheat_seeds":3,"stat.useItem.minecraft.stone_pickaxe":112,"stat.craftItem.minecraft.iron_leggings":1,"stat.damageDealt":5933,"stat.killEntity.Cow":4,"stat.pickup.techguns.itemshared":3,"stat.walkOneCm":197065,"stat.useItem.minecraft.torch":41,"stat.useItem.minecraft.bread":3,"stat.pickup.minecraft.crafting_table":8,"stat.pickup.techguns.t1_miner_boots":1,"stat.pickup.minecraft.clay_ball":2,"stat.useItem.minecraft.cobblestone":14,"stat.mineBlock.minecraft.double_plant":1,"stat.useItem.minecraft.lava_bucket":1,"stat.pickup.minecraft.log":21,"stat.pickup.usefulbackpacks.backpack":1,"stat.craftItem.usefulbackpacks.backpack":1,"stat.pickup.minecraft.sapling":2,"stat.pickup.minecraft.apple":3,"stat.pickup.minecraft.cooked_beef":7,"stat.mineBlock.overlast.red_leaves":4,"stat.killEntity.Skeleton":6,"stat.craftItem.minecraft.bucket":1,"stat.craftItem.minecraft.planks":36,"stat.killEntity.Spider":16,"stat.pickup.minecraft.bread":3,"stat.mobKills":46,"stat.mineBlock.minecraft.log":21,"stat.pickup.minecraft.iron_door":1,"stat.mineBlock.minecraft.leaves":1,"stat.pickup.minecraft.torch":1,"stat.sneakTime":6,"stat.pickup.minecraft.wool":3,"stat.mineBlock.minecraft.stone":55}