{"stat.leaveGame":22,"stat.craftItem.minecraft.iron_axe":2,"stat.useItem.securitycraft.mine":1,"stat.pickup.srparasites.parasitecanister":5,"stat.drop.minecraft.enchanted_book":1,"stat.useItem.minecraft.planks":5,"stat.drop.minecraft.bowl":1,"stat.drop.spartanweaponry.greatsword_iron":1,"stat.useItem.minecraft.water_bucket":11,"stat.mineBlock.minecraft.stone_brick_stairs":1,"stat.pickup.minecraft.rotten_flesh":7,"stat.pickup.minecraft.sand":6,"stat.craftItem.minecraft.stone_axe":1,"stat.useItem.spartanweaponry.club_wood":22,"stat.craftItem.spartanweaponry.boomerang_stone":1,"stat.entityKilledBy.techguns.ZombieSoldier":1,"stat.craftItem.minecraft.stone_sword":1,"stat.useItem.spartanweaponry.boomerang_stone":11,"stat.mineBlock.minecraft.sand":6,"stat.killEntity.Witch":1,"stat.pickup.quark.marble":33,"stat.killEntity.techguns.ZombieFarmer":8,"stat.pickup.quark.tallow":6,"stat.useItem.minecraft.iron_pickaxe":47,"stat.craftItem.minecraft.wooden_pickaxe":2,"stat.drop.minecraft.cooked_mutton":5,"stat.craftItem.minecraft.bed":1,"stat.pickup.minecraft.armor_stand":3,"stat.pickup.spartanweaponry.greatsword_iron":4,"stat.craftItem.spartanweaponry.boomerang_iron":2,"stat.furnaceInteraction":214,"stat.craftItem.spartanweaponry.material":4,"stat.pickup.srparasites.lurecomponent3":3,"stat.pickup.techguns.lamp0":2,"stat.pickup.srparasites.lurecomponent1":17,"stat.pickup.minecraft.beef":187,"stat.useItem.minecraft.cooked_mutton":7,"stat.pickup.minecraft.furnace":8,"stat.pickup.minecraft.iron_chestplate":5,"stat.pickup.minecraft.potion":2,"stat.pickup.minecraft.saddle":1,"stat.deaths":13,"stat.pickup.minecraft.bowl":5,"stat.pickup.minecraft.egg":11,"stat.playOneMinute":296802,"stat.pickup.techguns.t1_miner_helmet":2,"stat.craftItem.minecraft.iron_pickaxe":2,"stat.pickup.minecraft.item_frame":1,"stat.drop.minecraft.torch":5,"stat.craftItem.minecraft.cooked_mutton":37,"stat.mineBlock.minecraft.tallgrass":42,"stat.chestOpened":118,"stat.useItem.spartanweaponry.boomerang_iron":88,"stat.pickup.minecraft.arrow":24,"stat.craftItem.minecraft.coal":11,"stat.craftItem.minecraft.iron_nugget":9,"stat.fallOneCm":68062,"stat.pickup.minecraft.carrot":43,"stat.drop.minecraft.stone_sword":1,"stat.crouchOneCm":882,"stat.craftItem.minecraft.iron_ingot":23,"stat.craftingTableInteraction":71,"stat.pickup.minecraft.wooden_pickaxe":2,"stat.pickup.minecraft.feather":11,"stat.killEntity.techguns.ZombieMiner":15,"stat.craftItem.techguns.glider":1,"stat.pickup.minecraft.planks":118,"stat.pickup.minecraft.iron_leggings":3,"stat.pickup.minecraft.wheat_seeds":33,"stat.pickup.spartanweaponry.boomerang_iron":8,"stat.pickup.techguns.t1_miner_chestplate":1,"stat.mineBlock.minecraft.gravel":9,"stat.useItem.minecraft.stone_pickaxe":130,"stat.useItem.minecraft.stone_sword":23,"stat.craftItem.spartanweaponry.club_wood":1,"stat.mineBlock.minecraft.dirt":15,"stat.drop.spartanweaponry.club_wood":1,"stat.craftItem.securitycraft.dirt_mine":2,"stat.useItem.minecraft.torch":35,"stat.useItem.minecraft.bread":7,"stat.drop.minecraft.rotten_flesh":2,"stat.pickup.minecraft.crafting_table":11,"stat.useItem.minecraft.cobblestone":93,"stat.craftItem.minecraft.crafting_table":3,"stat.mineBlock.minecraft.double_plant":7,"stat.mineBlock.quark.stone_speleothem":3,"stat.pickup.minecraft.log":67,"stat.pickup.minecraft.iron_pickaxe":3,"stat.pickup.usefulbackpacks.backpack":6,"stat.craftItem.usefulbackpacks.backpack":5,"stat.drop.minecraft.sapling":2,"stat.pickup.minecraft.chicken":5,"stat.pickup.minecraft.sapling":3,"stat.pickup.minecraft.apple":8,"stat.mineBlock.overlast.red_leaves":32,"stat.craftItem.spartanshields.shield_tower_wood":1,"stat.drop.minecraft.fish":1,"stat.craftItem.minecraft.bucket":2,"stat.craftItem.minecraft.planks":96,"stat.pickup.futuremc.cornflower":4,"stat.pickup.minecraft.stone_sword":1,"stat.mineBlock.minecraft.log":54,"stat.craftItem.minecraft.cooked_chicken":4,"stat.drop.techguns.glider":1,"stat.sneakTime":4005,"stat.pickup.minecraft.wool":54,"stat.pickup.minecraft.bone":4,"stat.pickup.spartanweaponry.longsword_iron":2,"stat.horseOneCm":255775,"stat.useItem.minecraft.iron_axe":109,"stat.mineBlock.minecraft.cobblestone":23,"stat.pickup.minecraft.stone_pickaxe":2,"stat.pickup.minecraft.flint":1,"stat.mineBlock.srparasites.gore":26,"stat.craftItem.minecraft.wool":5,"stat.craftItem.securitycraft.sand_mine":3,"stat.useItem.spartanweaponry.greatsword_iron":228,"stat.swimOneCm":33963,"stat.climbOneCm":27040,"stat.craftItem.securitycraft.mine":6,"stat.pickup.capsule.capsule":2,"stat.killEntity.techguns.ZombieSoldier":1,"stat.mineBlock.quark.roots":1,"stat.useItem.securitycraft.dirt_mine":1,"stat.useItem.minecraft.dirt":10,"stat.useItem.minecraft.stone_slab2":45,"stat.pickup.minecraft.iron_boots":3,"stat.pickup.minecraft.diamond_horse_armor":3,"stat.pickup.minecraft.stone_hoe":1,"stat.craftItem.minecraft.furnace":1,"stat.drop.spartanweaponry.boomerang_stone":1,"stat.useItem.minecraft.egg":3,"stat.craftItem.minecraft.stone_pickaxe":2,"stat.craftItem.minecraft.cooked_beef":113,"stat.pickup.minecraft.cobblestone":446,"stat.flyOneCm":819078,"stat.pickup.minecraft.sandstone":1,"stat.pickup.minecraft.fish":1,"stat.drop.minecraft.wheat_seeds":6,"stat.useItem.minecraft.cooked_beef":93,"stat.pickup.minecraft.redstone":10,"stat.pickup.minecraft.acacia_boat":1,"stat.mineBlock.minecraft.iron_ore":23,"stat.timeSinceDeath":102695,"stat.pickup.minecraft.mutton":69,"stat.killEntity.techguns.SkeletonSoldier":3,"stat.pickup.minecraft.iron_shovel":3,"stat.useItem.minecraft.cooked_porkchop":1,"stat.mineBlock.minecraft.coal_ore":43,"stat.pickup.minecraft.shield":7,"stat.talkedToVillager":4,"stat.pickup.minecraft.wooden_sword":2,"stat.pickup.minecraft.string":16,"stat.pickup.techguns.glider":1,"stat.pickup.spartanweaponry.material":4,"stat.drop.usefulbackpacks.backpack":3,"stat.craftItem.minecraft.stone_slab2":0,"stat.pickup.minecraft.sandstone_stairs":1,"stat.sprintOneCm":592634,"stat.pickup.spartanshields.shield_tower_iron":2,"stat.craftItem.minecraft.stick":32,"stat.drop.minecraft.stone_hoe":1,"stat.pickup.techguns.t1_miner_leggings":4,"stat.pickup.nocubessrpnests.organicsample":1,"stat.mineBlock.minecraft.crafting_table":8,"stat.useItem.minecraft.carrot":12,"stat.drop.capsule.capsule":1,"stat.mineBlock.quark.marble":2,"stat.mineBlock.minecraft.planks":7,"stat.drop":48,"stat.killEntity.Sheep":25,"stat.useItem.spartanweaponry.longsword_iron":10,"stat.craftItem.spartanweaponry.greatsword_iron":3,"stat.killEntity.Zombie":1,"stat.diveOneCm":40376,"stat.pickup.minecraft.wheat":14,"stat.drop.minecraft.wooden_pickaxe":2,"stat.pickup.minecraft.gravel":8,"stat.drop.minecraft.cooked_beef":9,"stat.craftItem.minecraft.cooked_porkchop":4,"stat.pickup.minecraft.stone_axe":1,"stat.useItem.minecraft.rotten_flesh":9,"stat.pickup.minecraft.stone_brick_stairs":1,"stat.drop.minecraft.cooked_porkchop":3,"stat.jump":3977,"stat.useItem.minecraft.sand":2,"stat.pickup.minecraft.coal":190,"stat.pickup.minecraft.iron_ingot":8,"stat.useItem.minecraft.stone_axe":97,"stat.pickup.minecraft.gunpowder":14,"stat.craftItem.minecraft.torch":80,"stat.pickup.minecraft.dirt":54,"stat.drop.minecraft.bed":1,"stat.useItem.minecraft.cooked_chicken":3,"stat.pickup.minecraft.iron_ore":21,"stat.pickup.minecraft.iron_axe":9,"stat.mineBlock.minecraft.glass_pane":2,"stat.damageTaken":22647,"stat.pickup.minecraft.leather":88,"stat.mineBlock.minecraft.furnace":4,"stat.mineBlock.minecraft.torch":9,"stat.useItem.minecraft.wooden_pickaxe":19,"stat.pickup.srparasites.ada_yelloweye_drop":3,"stat.pickup.srparasites.assimilated_flesh":88,"stat.pickup.minecraft.reeds":2,"stat.pickup.techguns.concrete":1,"stat.drop.spartanweaponry.material":1,"stat.useItem.securitycraft.sand_mine":2,"stat.pickup.minecraft.bed":13,"stat.damageDealt":17979,"stat.sleepInBed":2,"stat.killEntity.Cow":69,"stat.pickup.techguns.itemshared":58,"stat.walkOneCm":711562,"stat.playerKills":2,"stat.pickup.spartanweaponry.boomerang_stone":3,"stat.pickup.minecraft.stick":41,"stat.pickup.quark.root_flower":3,"stat.mineBlock.minecraft.wool":29,"stat.pickup.minecraft.cooked_beef":36,"stat.pickup.minecraft.ladder":1,"stat.killEntity.Skeleton":1,"stat.craftItem.techguns.itemshared":42,"stat.killEntity.Chicken":5,"stat.pickup.minecraft.bread":16,"stat.craftItem.minecraft.tnt":1,"stat.mobKills":166,"stat.pickup.minecraft.water_bucket":1,"stat.pickup.srparasites.ada_reeker_drop":2,"stat.mineBlock.minecraft.leaves":12,"stat.mineBlock.srparasites.parasitecanister":5,"stat.pickup.minecraft.torch":116,"stat.mineBlock.minecraft.stone":81,"stat.craftItem.spartanshields.shield_tower_iron":1}