{"stat.useItem.minecraft.bow":10,"stat.pickup.spartanweaponry.club_wood":1,"stat.leaveGame":31,"stat.entityKilledBy.techguns.ZombieMiner":2,"stat.craftItem.minecraft.iron_axe":2,"stat.mineBlock.minecraft.stained_glass":18,"stat.useItem.minecraft.mutton":1,"stat.pickup.minecraft.fishing_rod":1,"stat.drop.quark.glass_shards":31,"stat.useItem.minecraft.planks":2,"stat.mineBlock.minecraft.web":3,"stat.drop.minecraft.bowl":1,"stat.useItem.minecraft.water_bucket":13,"stat.pickup.minecraft.rotten_flesh":32,"stat.craftItem.minecraft.stone_axe":1,"stat.useItem.spartanweaponry.club_wood":48,"stat.pickup.minecraft.bucket":1,"stat.pickup.minecraft.wooden_hoe":1,"stat.pickup.quark.rune":1,"stat.killEntity.techguns.ZombieFarmer":12,"stat.craftItem.spartanshields.shield_basic_wood":3,"stat.useItem.minecraft.iron_pickaxe":726,"stat.pickup.minecraft.stained_hardened_clay":77,"stat.craftItem.minecraft.wooden_pickaxe":1,"stat.craftItem.minecraft.bed":1,"stat.pickup.spartanweaponry.greatsword_iron":3,"stat.drop.minecraft.rail":2,"stat.mineBlock.minecraft.vine":2,"stat.pickup.techguns.basicore":32,"stat.furnaceInteraction":116,"stat.drop.minecraft.gravel":17,"stat.craftItem.spartanweaponry.material":4,"stat.useItem.minecraft.pumpkin_seeds":1,"stat.mineBlock.futuremc.cornflower":2,"stat.pickup.srparasites.lurecomponent3":5,"stat.pickup.srparasites.lurecomponent1":14,"stat.pickup.minecraft.filled_map":1,"stat.pickup.minecraft.beef":1,"stat.pickup.minecraft.furnace":6,"stat.drop.minecraft.stained_hardened_clay":1,"stat.useItem.charm.suspicious_soup":1,"stat.mineBlock.minecraft.stained_hardened_clay":7,"stat.pickup.minecraft.iron_chestplate":4,"stat.pickup.minecraft.potion":2,"stat.useItem.minecraft.wheat_seeds":14,"stat.useItem.minecraft.dye":38,"stat.pickup.charm.totem_of_shielding":1,"stat.deaths":16,"stat.pickup.spartanshields.shield_basic_obsidian":2,"stat.pickup.minecraft.egg":10,"stat.playOneMinute":361260,"stat.pickup.techguns.handcannon":5,"stat.drop.minecraft.string":2,"stat.pickup.techguns.t1_miner_helmet":1,"stat.craftItem.minecraft.iron_pickaxe":4,"stat.mineBlock.minecraft.tallgrass":40,"stat.chestOpened":150,"stat.useItem.minecraft.stone":1,"stat.drop.srparasites.lurecomponent3":2,"stat.pickup.minecraft.arrow":17,"stat.pickup.charm.charged_emerald":1,"stat.pickup.minecraft.gold_nugget":4,"stat.craftItem.minecraft.coal":1,"stat.fallOneCm":41701,"stat.pickup.minecraft.carrot":50,"stat.crouchOneCm":363,"stat.pickup.minecraft.rail":2,"stat.craftItem.minecraft.iron_ingot":125,"stat.pickup.minecraft.red_mushroom":1,"stat.craftingTableInteraction":90,"stat.pickup.minecraft.feather":7,"stat.killEntity.techguns.ZombieMiner":9,"stat.pickup.minecraft.dye":16,"stat.pickup.minecraft.planks":3,"stat.pickup.minecraft.iron_leggings":5,"stat.pickup.minecraft.wheat_seeds":34,"stat.pickup.spartanweaponry.boomerang_iron":1,"stat.pickup.techguns.t1_miner_chestplate":1,"stat.mineBlock.minecraft.gravel":43,"stat.useItem.minecraft.stone_pickaxe":130,"stat.mineBlock.minecraft.glass":2,"stat.craftItem.minecraft.iron_leggings":1,"stat.craftItem.spartanweaponry.club_wood":2,"stat.mineBlock.minecraft.dirt":208,"stat.useItem.minecraft.torch":178,"stat.useItem.minecraft.bread":9,"stat.pickup.minecraft.golden_apple":1,"stat.drop.minecraft.rotten_flesh":2,"stat.pickup.minecraft.crafting_table":13,"stat.useItem.minecraft.cobblestone":66,"stat.mineBlock.techguns.basicore":24,"stat.craftItem.minecraft.crafting_table":2,"stat.useItem.minecraft.gravel":13,"stat.mineBlock.minecraft.double_plant":2,"stat.pickup.minecraft.iron_hoe":1,"stat.pickup.minecraft.log":72,"stat.pickup.minecraft.iron_pickaxe":5,"stat.pickup.usefulbackpacks.backpack":6,"stat.craftItem.usefulbackpacks.backpack":4,"stat.pickup.minecraft.sapling":2,"stat.pickup.minecraft.apple":20,"stat.mineBlock.overlast.red_leaves":4,"stat.craftItem.minecraft.bucket":2,"stat.craftItem.minecraft.planks":124,"stat.pickup.futuremc.cornflower":1,"stat.drop.futuremc.cornflower":1,"stat.pickup.minecraft.book":53,"stat.mineBlock.minecraft.log":49,"stat.useItem.minecraft.stone_hoe":58,"stat.pickup.minecraft.iron_door":3,"stat.pickup.minecraft.red_flower":3,"stat.sneakTime":926,"stat.pickup.minecraft.wool":8,"stat.useItem.minecraft.baked_potato":17,"stat.pickup.minecraft.stone_slab":1,"stat.pickup.minecraft.chest":1,"stat.craftItem.minecraft.diamond_chestplate":1,"stat.pickup.minecraft.bone":31,"stat.craftItem.minecraft.diamond_leggings":1,"stat.useItem.minecraft.iron_axe":31,"stat.drop.techguns.t1_miner_helmet":1,"stat.mineBlock.minecraft.cobblestone":1,"stat.pickup.minecraft.stone_pickaxe":2,"stat.pickup.minecraft.flint":1,"stat.pickup.minecraft.leather_chestplate":1,"stat.mineBlock.srparasites.gore":11,"stat.craftItem.minecraft.wool":19,"stat.craftItem.minecraft.diamond_helmet":1,"stat.mineBlock.minecraft.stained_glass_pane":16,"stat.mineBlock.charm.crate_sealed":4,"stat.useItem.spartanweaponry.greatsword_iron":315,"stat.swimOneCm":19002,"stat.pickup.quark.glass_shards":117,"stat.climbOneCm":54532,"stat.pickup.minecraft.enchanted_book":2,"stat.craftItem.spartanweaponry.greatsword_diamond":1,"stat.pickup.capsule.capsule":4,"stat.pickup.spartanshields.shield_basic_iron":2,"stat.pickup.minecraft.cooked_porkchop":1,"stat.mineBlock.quark.roots":2,"stat.useItem.minecraft.dirt":45,"stat.pickup.minecraft.golden_helmet":1,"stat.useItem.minecraft.stone_slab2":61,"stat.pickup.minecraft.bow":2,"stat.pickup.minecraft.iron_boots":1,"stat.pickup.minecraft.stone_hoe":1,"stat.craftItem.minecraft.furnace":2,"stat.pickup.minecraft.enchanting_table":1,"stat.useItem.minecraft.egg":1,"stat.craftItem.spartanshields.shield_basic_iron":1,"stat.craftItem.minecraft.stone_pickaxe":1,"stat.craftItem.minecraft.cooked_beef":1,"stat.mineBlock.minecraft.obsidian":8,"stat.pickup.minecraft.cobblestone":683,"stat.craftItem.minecraft.bow":2,"stat.useItem.minecraft.stone_shovel":110,"stat.flyOneCm":425510,"stat.drop.quark.rune":1,"stat.drop.minecraft.wheat_seeds":2,"stat.useItem.minecraft.cooked_beef":70,"stat.pickup.minecraft.redstone":113,"stat.mineBlock.minecraft.iron_ore":119,"stat.timeSinceDeath":50722,"stat.drop.minecraft.spider_eye":1,"stat.pickup.minecraft.mutton":1,"stat.craftItem.minecraft.iron_block":1,"stat.useItem.minecraft.potato":15,"stat.pickup.minecraft.wooden_axe":2,"stat.mineBlock.minecraft.enchanting_table":1,"stat.drop.minecraft.dirt":1,"stat.useItem.minecraft.cooked_porkchop":3,"stat.mineBlock.minecraft.coal_ore":180,"stat.killEntity.Creeper":1,"stat.craftItem.minecraft.stone_hoe":1,"stat.pickup.minecraft.string":35,"stat.pickup.spartanweaponry.material":1,"stat.mineBlock.minecraft.ladder":2,"stat.drop.usefulbackpacks.backpack":1,"stat.useItem.minecraft.milk_bucket":2,"stat.entityKilledBy.Skeleton":2,"stat.craftItem.minecraft.stone_slab2":0,"stat.sprintOneCm":758237,"stat.mineBlock.minecraft.stone_slab":1,"stat.craftItem.minecraft.stick":76,"stat.useItem.minecraft.stone_slab":5,"stat.useItem.carryon.tile_item":3,"stat.mineBlock.minecraft.diamond_ore":12,"stat.pickup.nocubessrpnests.organicsample":48,"stat.mineBlock.minecraft.crafting_table":11,"stat.pickup.charm.suspicious_soup":1,"stat.useItem.minecraft.diamond_pickaxe":18,"stat.useItem.minecraft.carrot":40,"stat.drop":53,"stat.craftItem.spartanshields.shield_basic_stone":1,"stat.useItem.minecraft.wooden_sword":58,"stat.killEntity.Sheep":1,"stat.craftItem.minecraft.diamond_pickaxe":2,"stat.craftItem.spartanweaponry.greatsword_iron":2,"stat.killEntity.Zombie":24,"stat.craftItem.minecraft.dye":42,"stat.craftItem.minecraft.diamond_axe":1,"stat.diveOneCm":10886,"stat.pickup.minecraft.wheat":14,"stat.drop.minecraft.wooden_pickaxe":1,"stat.pickup.minecraft.gravel":60,"stat.drop.minecraft.cooked_beef":6,"stat.craftItem.minecraft.cooked_porkchop":2,"stat.useItem.minecraft.apple":13,"stat.pickup.minecraft.obsidian":13,"stat.craftItem.spartanshields.shield_basic_obsidian":1,"stat.useItem.minecraft.rotten_flesh":10,"stat.drop.minecraft.apple":7,"stat.jump":2982,"stat.pickup.minecraft.coal":313,"stat.pickup.minecraft.iron_helmet":3,"stat.pickup.minecraft.iron_ingot":4,"stat.useItem.minecraft.stone_axe":32,"stat.pickup.minecraft.gunpowder":19,"stat.craftItem.minecraft.bread":4,"stat.pickup.minecraft.spider_eye":7,"stat.craftItem.minecraft.torch":204,"stat.craftItem.minecraft.iron_helmet":2,"stat.pickup.minecraft.dirt":275,"stat.pickup.minecraft.iron_ore":121,"stat.mineBlock.minecraft.lapis_ore":1,"stat.pickup.minecraft.iron_axe":4,"stat.mineBlock.minecraft.glass_pane":1,"stat.brewingstandInteraction":1,"stat.damageTaken":22151,"stat.pickup.minecraft.leather":15,"stat.mineBlock.minecraft.furnace":4,"stat.mineBlock.minecraft.torch":4,"stat.mineBlock.minecraft.red_flower":1,"stat.useItem.minecraft.wooden_pickaxe":49,"stat.pickup.srparasites.assimilated_flesh":15,"stat.pickup.minecraft.bed":1,"tombstone:undead_killed":3,"stat.pickup.minecraft.potato":17,"stat.entityKilledBy.Zombie":1,"stat.damageDealt":19506,"stat.craftItem.minecraft.baked_potato":48,"stat.killEntity.Cow":5,"stat.craftItem.minecraft.stone_slab":6,"stat.craftItem.minecraft.stone_shovel":1,"stat.pickup.techguns.itemshared":506,"stat.walkOneCm":1154507,"stat.animalsBred":2,"stat.pickup.minecraft.stick":15,"stat.pickup.minecraft.diamond_pickaxe":1,"stat.pickup.techguns.t1_miner_boots":7,"stat.pickup.minecraft.clay_ball":2,"stat.useItem.minecraft.lava_bucket":32,"stat.pickup.quark.root_flower":1,"stat.useItem.tombstone.gift":1,"stat.pickup.minecraft.stone":1,"stat.craftItem.minecraft.iron_chestplate":1,"stat.pickup.minecraft.baked_potato":10,"stat.useItem.minecraft.stained_hardened_clay":3,"stat.pickup.minecraft.cooked_beef":57,"stat.pickup.minecraft.ladder":3,"stat.drop.srparasites.assimilated_flesh":3,"stat.killEntity.Skeleton":14,"stat.craftItem.techguns.basicmachine":1,"stat.craftItem.techguns.itemshared":553,"stat.mineBlock.minecraft.stonebrick":1,"stat.killEntity.Spider":25,"stat.pickup.minecraft.bread":5,"stat.craftItem.techguns.t1_miner_boots":2,"stat.mobKills":168,"stat.mineBlock.minecraft.bookshelf":2,"stat.useItem.minecraft.golden_apple":1,"stat.pickup.minecraft.diamond":12,"stat.mineBlock.minecraft.leaves":10,"stat.pickup.minecraft.torch":158,"stat.mineBlock.minecraft.redstone_ore":7,"stat.pickup.minecraft.lava_bucket":2,"stat.mineBlock.minecraft.stone":543}