{"stat.useItem.minecraft.bow":10,"stat.pickup.spartanweaponry.club_wood":1,"stat.leaveGame":18,"stat.entityKilledBy.techguns.ZombieMiner":1,"stat.craftItem.minecraft.iron_axe":2,"stat.mineBlock.minecraft.stained_glass":14,"stat.useItem.minecraft.mutton":1,"stat.pickup.minecraft.fishing_rod":1,"stat.drop.quark.glass_shards":24,"stat.useItem.minecraft.planks":2,"stat.mineBlock.minecraft.web":3,"stat.drop.minecraft.bowl":1,"stat.useItem.minecraft.water_bucket":6,"stat.pickup.minecraft.rotten_flesh":25,"stat.craftItem.minecraft.stone_axe":1,"stat.useItem.spartanweaponry.club_wood":48,"stat.pickup.minecraft.bucket":1,"stat.pickup.minecraft.wooden_hoe":1,"stat.killEntity.techguns.ZombieFarmer":9,"stat.craftItem.spartanshields.shield_basic_wood":3,"stat.useItem.minecraft.iron_pickaxe":331,"stat.pickup.minecraft.stained_hardened_clay":12,"stat.craftItem.minecraft.wooden_pickaxe":1,"stat.craftItem.minecraft.bed":1,"stat.pickup.spartanweaponry.greatsword_iron":2,"stat.drop.minecraft.rail":2,"stat.mineBlock.minecraft.vine":1,"stat.pickup.techguns.basicore":17,"stat.furnaceInteraction":54,"stat.craftItem.spartanweaponry.material":3,"stat.mineBlock.futuremc.cornflower":2,"stat.pickup.srparasites.lurecomponent1":11,"stat.pickup.minecraft.beef":1,"stat.pickup.minecraft.furnace":5,"stat.drop.minecraft.stained_hardened_clay":1,"stat.useItem.charm.suspicious_soup":1,"stat.mineBlock.minecraft.stained_hardened_clay":6,"stat.pickup.minecraft.iron_chestplate":2,"stat.deaths":10,"stat.pickup.minecraft.egg":3,"stat.playOneMinute":219047,"stat.pickup.techguns.handcannon":3,"stat.drop.minecraft.string":2,"stat.pickup.techguns.t1_miner_helmet":1,"stat.craftItem.minecraft.iron_pickaxe":3,"stat.mineBlock.minecraft.tallgrass":32,"stat.chestOpened":40,"stat.useItem.minecraft.stone":1,"stat.pickup.minecraft.arrow":17,"stat.pickup.minecraft.gold_nugget":4,"stat.craftItem.minecraft.coal":1,"stat.fallOneCm":25466,"stat.crouchOneCm":250,"stat.pickup.minecraft.rail":2,"stat.craftItem.minecraft.iron_ingot":71,"stat.pickup.minecraft.red_mushroom":1,"stat.craftingTableInteraction":55,"stat.killEntity.techguns.ZombieMiner":8,"stat.pickup.minecraft.dye":2,"stat.pickup.minecraft.planks":3,"stat.pickup.minecraft.iron_leggings":3,"stat.pickup.minecraft.wheat_seeds":12,"stat.useItem.minecraft.stone_pickaxe":130,"stat.mineBlock.minecraft.glass":2,"stat.craftItem.minecraft.iron_leggings":1,"stat.craftItem.spartanweaponry.club_wood":2,"stat.mineBlock.minecraft.dirt":170,"stat.useItem.minecraft.torch":148,"stat.useItem.minecraft.bread":9,"stat.pickup.minecraft.golden_apple":1,"stat.pickup.minecraft.crafting_table":12,"stat.useItem.minecraft.cobblestone":42,"stat.mineBlock.techguns.basicore":17,"stat.craftItem.minecraft.crafting_table":1,"stat.mineBlock.minecraft.double_plant":2,"stat.pickup.minecraft.iron_hoe":1,"stat.pickup.minecraft.log":60,"stat.pickup.minecraft.iron_pickaxe":3,"stat.pickup.usefulbackpacks.backpack":4,"stat.craftItem.usefulbackpacks.backpack":1,"stat.pickup.minecraft.sapling":2,"stat.pickup.minecraft.apple":15,"stat.mineBlock.overlast.red_leaves":4,"stat.craftItem.minecraft.bucket":2,"stat.craftItem.minecraft.planks":112,"stat.pickup.futuremc.cornflower":1,"stat.drop.futuremc.cornflower":1,"stat.pickup.minecraft.book":6,"stat.mineBlock.minecraft.log":49,"stat.useItem.minecraft.stone_hoe":21,"stat.pickup.minecraft.iron_door":3,"stat.pickup.minecraft.red_flower":1,"stat.sneakTime":785,"stat.pickup.minecraft.wool":4,"stat.pickup.minecraft.chest":1,"stat.pickup.minecraft.bone":31,"stat.useItem.minecraft.iron_axe":29,"stat.drop.techguns.t1_miner_helmet":1,"stat.mineBlock.minecraft.cobblestone":1,"stat.pickup.minecraft.stone_pickaxe":2,"stat.mineBlock.srparasites.gore":4,"stat.craftItem.minecraft.wool":7,"stat.mineBlock.minecraft.stained_glass_pane":12,"stat.mineBlock.charm.crate_sealed":4,"stat.useItem.spartanweaponry.greatsword_iron":159,"stat.swimOneCm":18370,"stat.pickup.quark.glass_shards":55,"stat.climbOneCm":52617,"stat.pickup.capsule.capsule":1,"stat.pickup.spartanshields.shield_basic_iron":2,"stat.mineBlock.quark.roots":2,"stat.useItem.minecraft.dirt":43,"stat.pickup.minecraft.golden_helmet":1,"stat.useItem.minecraft.stone_slab2":37,"stat.pickup.minecraft.bow":2,"stat.craftItem.minecraft.furnace":1,"stat.pickup.minecraft.enchanting_table":1,"stat.useItem.minecraft.egg":1,"stat.craftItem.spartanshields.shield_basic_iron":1,"stat.craftItem.minecraft.stone_pickaxe":1,"stat.craftItem.minecraft.cooked_beef":1,"stat.mineBlock.minecraft.obsidian":8,"stat.pickup.minecraft.cobblestone":256,"stat.craftItem.minecraft.bow":2,"stat.useItem.minecraft.stone_shovel":88,"stat.flyOneCm":298892,"stat.drop.quark.rune":1,"stat.drop.minecraft.wheat_seeds":2,"stat.useItem.minecraft.cooked_beef":54,"stat.pickup.minecraft.redstone":11,"stat.mineBlock.minecraft.iron_ore":105,"stat.timeSinceDeath":40146,"stat.drop.minecraft.spider_eye":1,"stat.pickup.minecraft.mutton":1,"stat.pickup.minecraft.wooden_axe":1,"stat.mineBlock.minecraft.enchanting_table":1,"stat.drop.minecraft.dirt":1,"stat.mineBlock.minecraft.coal_ore":146,"stat.killEntity.Creeper":1,"stat.craftItem.minecraft.stone_hoe":1,"stat.pickup.minecraft.string":34,"stat.mineBlock.minecraft.ladder":2,"stat.useItem.minecraft.milk_bucket":2,"stat.entityKilledBy.Skeleton":2,"stat.craftItem.minecraft.stone_slab2":0,"stat.sprintOneCm":529974,"stat.craftItem.minecraft.stick":72,"stat.useItem.minecraft.stone_slab":5,"stat.useItem.carryon.tile_item":3,"stat.mineBlock.minecraft.diamond_ore":12,"stat.mineBlock.minecraft.crafting_table":10,"stat.pickup.charm.suspicious_soup":1,"stat.useItem.minecraft.diamond_pickaxe":15,"stat.drop":25,"stat.craftItem.spartanshields.shield_basic_stone":1,"stat.useItem.minecraft.wooden_sword":58,"stat.killEntity.Sheep":1,"stat.craftItem.minecraft.diamond_pickaxe":1,"stat.craftItem.spartanweaponry.greatsword_iron":2,"stat.killEntity.Zombie":18,"stat.diveOneCm":10515,"stat.pickup.minecraft.wheat":12,"stat.drop.minecraft.wooden_pickaxe":1,"stat.pickup.minecraft.obsidian":7,"stat.craftItem.spartanshields.shield_basic_obsidian":1,"stat.useItem.minecraft.rotten_flesh":7,"stat.jump":2118,"stat.pickup.minecraft.coal":278,"stat.pickup.minecraft.iron_helmet":1,"stat.pickup.minecraft.iron_ingot":3,"stat.useItem.minecraft.stone_axe":32,"stat.pickup.minecraft.gunpowder":17,"stat.craftItem.minecraft.bread":4,"stat.pickup.minecraft.spider_eye":7,"stat.craftItem.minecraft.torch":172,"stat.craftItem.minecraft.iron_helmet":2,"stat.pickup.minecraft.dirt":167,"stat.pickup.minecraft.iron_ore":107,"stat.pickup.minecraft.iron_axe":1,"stat.mineBlock.minecraft.glass_pane":1,"stat.brewingstandInteraction":1,"stat.damageTaken":17008,"stat.pickup.minecraft.leather":14,"stat.mineBlock.minecraft.furnace":4,"stat.mineBlock.minecraft.torch":3,"stat.mineBlock.minecraft.red_flower":1,"stat.useItem.minecraft.wooden_pickaxe":49,"stat.pickup.srparasites.assimilated_flesh":9,"stat.pickup.minecraft.potato":2,"stat.entityKilledBy.Zombie":1,"stat.damageDealt":12650,"stat.killEntity.Cow":5,"stat.craftItem.minecraft.stone_slab":6,"stat.craftItem.minecraft.stone_shovel":1,"stat.pickup.techguns.itemshared":378,"stat.walkOneCm":807888,"stat.pickup.minecraft.stick":7,"stat.pickup.techguns.t1_miner_boots":4,"stat.pickup.minecraft.clay_ball":2,"stat.useItem.minecraft.lava_bucket":28,"stat.pickup.quark.root_flower":1,"stat.pickup.minecraft.stone":1,"stat.craftItem.minecraft.iron_chestplate":1,"stat.useItem.minecraft.stained_hardened_clay":3,"stat.pickup.minecraft.cooked_beef":55,"stat.pickup.minecraft.ladder":3,"stat.drop.srparasites.assimilated_flesh":1,"stat.killEntity.Skeleton":14,"stat.craftItem.techguns.itemshared":390,"stat.mineBlock.minecraft.stonebrick":1,"stat.killEntity.Spider":25,"stat.pickup.minecraft.bread":4,"stat.mobKills":122,"stat.mineBlock.minecraft.bookshelf":2,"stat.pickup.minecraft.diamond":12,"stat.mineBlock.minecraft.leaves":10,"stat.pickup.minecraft.torch":123,"stat.mineBlock.minecraft.stone":214}