{"stat.leaveGame":15,"stat.drop.minecraft.gunpowder":2,"stat.entityKilledBy.techguns.ZombieMiner":1,"stat.drop.minecraft.redstone":2,"stat.mineBlock.minecraft.stained_glass":4,"stat.pickup.srparasites.parasitecanister":3,"stat.useItem.minecraft.planks":19,"stat.pickup.minecraft.porkchop":6,"stat.pickup.minecraft.rotten_flesh":4,"stat.entityKilledBy.Spider":1,"stat.craftItem.minecraft.stone_axe":1,"stat.craftItem.minecraft.stone_sword":1,"stat.mineBlock.minecraft.emerald_block":2,"stat.killEntity.Witch":3,"stat.killEntity.techguns.ZombieFarmer":4,"stat.pickup.quark.tallow":8,"stat.useItem.minecraft.iron_pickaxe":653,"stat.pickup.minecraft.stained_hardened_clay":161,"stat.craftItem.minecraft.wooden_pickaxe":2,"stat.craftItem.minecraft.bed":2,"stat.mineBlock.minecraft.vine":1,"stat.pickup.techguns.basicore":22,"stat.furnaceInteraction":48,"stat.pickup.srparasites.lurecomponent1":17,"stat.drop.minecraft.red_flower":3,"stat.drop.charm.charged_emerald":2,"stat.pickup.minecraft.beef":41,"stat.pickup.minecraft.furnace":12,"stat.drop.minecraft.stained_hardened_clay":68,"stat.pickup.minecraft.leather_helmet":1,"stat.mineBlock.minecraft.stained_hardened_clay":40,"stat.pickup.minecraft.iron_chestplate":1,"stat.pickup.minecraft.potion":7,"stat.useItem.minecraft.wheat_seeds":83,"stat.useItem.minecraft.dye":105,"stat.useItem.minecraft.beef":5,"stat.deaths":18,"stat.pickup.minecraft.egg":2,"stat.playOneMinute":203825,"stat.pickup.techguns.handcannon":3,"stat.drop.minecraft.string":2,"stat.pickup.techguns.t1_miner_helmet":2,"stat.craftItem.minecraft.iron_pickaxe":5,"stat.pickup.minecraft.diamond_block":2,"stat.drop.techguns.handcannon":2,"stat.pickup.minecraft.iron_bars":2,"stat.drop.minecraft.iron_ingot":1,"stat.mineBlock.minecraft.tallgrass":46,"stat.chestOpened":146,"stat.pickup.minecraft.arrow":18,"stat.pickup.minecraft.wooden_pressure_plate":2,"stat.mineBlock.minecraft.gold_block":3,"stat.useItem.spartanweaponry.battleaxe_lead":105,"stat.fallOneCm":31488,"stat.pickup.minecraft.carrot":12,"stat.crouchOneCm":49706,"stat.mineBlock.minecraft.chest":2,"stat.craftItem.minecraft.diamond":18,"stat.craftItem.minecraft.iron_ingot":157,"stat.craftItem.minecraft.chest":2,"stat.useItem.quark.root_flower":4,"stat.craftingTableInteraction":72,"stat.pickup.minecraft.wooden_pickaxe":3,"stat.pickup.minecraft.feather":6,"stat.useItem.futuremc.sweet_berries":81,"stat.craftItem.minecraft.wooden_button":2,"stat.killEntity.techguns.ZombieMiner":3,"stat.useItem.minecraft.reeds":1,"stat.craftItem.minecraft.wooden_sword":2,"stat.pickup.minecraft.dye":58,"stat.pickup.minecraft.planks":127,"stat.pickup.minecraft.iron_leggings":2,"stat.pickup.minecraft.wheat_seeds":138,"stat.mineBlock.minecraft.gravel":10,"stat.useItem.minecraft.stone_pickaxe":211,"stat.mineBlock.minecraft.glass":12,"stat.useItem.minecraft.stone_sword":105,"stat.craftItem.minecraft.iron_leggings":2,"stat.useItem.minecraft.wool":4,"stat.mineBlock.minecraft.dirt":10,"stat.useItem.minecraft.iron_bars":1,"stat.useItem.minecraft.torch":57,"stat.useItem.minecraft.bread":16,"stat.pickup.minecraft.crafting_table":14,"stat.useItem.minecraft.log":2,"stat.useItem.minecraft.cobblestone":506,"stat.mineBlock.techguns.basicore":22,"stat.craftItem.minecraft.crafting_table":4,"stat.mineBlock.minecraft.double_plant":2,"stat.pickup.minecraft.log":58,"stat.pickup.minecraft.iron_pickaxe":1,"stat.pickup.usefulbackpacks.backpack":6,"stat.drop.minecraft.sapling":2,"stat.pickup.minecraft.chicken":4,"stat.pickup.minecraft.sapling":14,"stat.pickup.minecraft.apple":4,"stat.mineBlock.minecraft.iron_block":10,"stat.mineBlock.overlast.red_leaves":7,"stat.pickup.minecraft.beetroot":9,"stat.craftItem.minecraft.bucket":2,"stat.craftItem.minecraft.planks":240,"stat.useItem.minecraft.iron_sword":2,"stat.pickup.quark.root":2,"stat.pickup.minecraft.stone_sword":4,"stat.pickup.minecraft.book":99,"stat.useItem.minecraft.stonebrick":3,"stat.mineBlock.minecraft.log":55,"stat.useItem.minecraft.stone_hoe":42,"stat.useItem.minecraft.spruce_door":2,"stat.pickup.minecraft.red_flower":4,"stat.useItem.minecraft.beetroot_seeds":3,"stat.sneakTime":20356,"stat.pickup.minecraft.wool":5,"stat.useItem.minecraft.wooden_axe":56,"stat.pickup.minecraft.stone_slab":27,"stat.useItem.minecraft.beetroot":5,"stat.pickup.minecraft.chest":2,"stat.craftItem.minecraft.spruce_door":3,"stat.craftItem.minecraft.diamond_chestplate":1,"stat.pickup.minecraft.bone":58,"stat.drop.minecraft.sugar":2,"stat.craftItem.minecraft.diamond_leggings":1,"stat.drop.techguns.t1_miner_helmet":1,"stat.mineBlock.minecraft.cobblestone":46,"stat.pickup.minecraft.stone_pickaxe":3,"stat.useItem.techguns.basicore":1,"stat.pickup.minecraft.leather_chestplate":1,"stat.mineBlock.srparasites.gore":13,"stat.craftItem.minecraft.wool":6,"stat.craftItem.minecraft.diamond_helmet":1,"stat.mineBlock.minecraft.stained_glass_pane":4,"stat.swimOneCm":2381,"stat.mineBlock.minecraft.diamond_block":2,"stat.pickup.quark.glass_shards":48,"stat.climbOneCm":25974,"stat.pickup.capsule.capsule":2,"stat.mineBlock.quark.roots":5,"stat.useItem.minecraft.dirt":2,"stat.useItem.minecraft.stone_slab2":63,"stat.pickup.minecraft.iron_boots":1,"stat.pickup.minecraft.enchanting_table":3,"stat.useItem.minecraft.egg":2,"stat.craftItem.minecraft.iron_boots":2,"stat.craftItem.minecraft.stone_pickaxe":2,"stat.pickup.minecraft.cobblestone":763,"stat.pickup.minecraft.gold_block":9,"stat.pickup.quark.biome_cobblestone":1,"stat.mineBlock.minecraft.clay":5,"stat.pickup.futuremc.sweet_berries":171,"stat.flyOneCm":329266,"stat.drop.minecraft.wheat_seeds":5,"stat.useItem.minecraft.cooked_beef":15,"stat.pickup.minecraft.redstone":18,"stat.mineBlock.minecraft.iron_ore":67,"stat.timeSinceDeath":23923,"stat.pickup.minecraft.mutton":21,"stat.useItem.quark.root":2,"stat.useItem.minecraft.potato":34,"stat.pickup.minecraft.stonebrick":53,"stat.mineBlock.minecraft.enchanting_table":1,"stat.mineBlock.minecraft.coal_ore":36,"stat.craftItem.minecraft.stone_hoe":2,"stat.pickup.minecraft.wooden_sword":2,"stat.pickup.minecraft.string":39,"stat.drop.usefulbackpacks.backpack":2,"stat.craftItem.minecraft.stone_slab2":0,"stat.sprintOneCm":601706,"stat.mineBlock.minecraft.stone_slab":1,"stat.craftItem.minecraft.wooden_axe":4,"stat.craftItem.minecraft.stick":84,"stat.drop.minecraft.potion":2,"stat.craftItem.minecraft.stone":15,"stat.mineBlock.minecraft.diamond_ore":35,"stat.useItem.minecraft.snowball":10,"stat.mineBlock.minecraft.crafting_table":13,"stat.useItem.minecraft.diamond_pickaxe":15,"stat.useItem.minecraft.carrot":8,"stat.pickup.minecraft.leather_leggings":2,"stat.pickup.minecraft.sugar":2,"stat.mineBlock.minecraft.planks":3,"stat.drop":63,"stat.useItem.minecraft.wooden_sword":83,"stat.killEntity.Sheep":5,"stat.craftItem.minecraft.diamond_pickaxe":1,"stat.pickup.minecraft.iron_block":10,"stat.killEntity.Zombie":2,"stat.craftItem.minecraft.dye":108,"stat.pickup.minecraft.snowball":10,"stat.drop.minecraft.bread":8,"stat.mineBlock.minecraft.gold_ore":30,"stat.diveOneCm":483,"stat.pickup.minecraft.wheat":83,"stat.pickup.minecraft.gravel":24,"stat.useItem.minecraft.chicken":3,"stat.pickup.minecraft.stone_axe":5,"stat.useItem.minecraft.rotten_flesh":4,"stat.jump":1940,"stat.pickup.minecraft.coal":91,"stat.pickup.minecraft.iron_helmet":2,"stat.pickup.minecraft.iron_ingot":65,"stat.useItem.minecraft.stone_axe":43,"stat.pickup.minecraft.gunpowder":12,"stat.craftItem.minecraft.bread":21,"stat.pickup.minecraft.spider_eye":10,"stat.craftItem.minecraft.torch":56,"stat.pickup.minecraft.dirt":15,"stat.craftItem.minecraft.iron_helmet":2,"stat.drop.futuremc.sweet_berries":28,"stat.pickup.minecraft.iron_ore":67,"stat.pickup.minecraft.stone_shovel":1,"stat.mineBlock.minecraft.iron_bars":2,"stat.pickup.minecraft.gold_ore":30,"stat.mineBlock.minecraft.lapis_ore":9,"stat.mineBlock.minecraft.glass_pane":4,"stat.pickup.minecraft.leather":41,"stat.damageTaken":7368,"stat.mineBlock.minecraft.furnace":8,"stat.mineBlock.minecraft.torch":11,"stat.mineBlock.minecraft.red_flower":2,"stat.useItem.minecraft.wooden_pickaxe":32,"stat.mineBlock.minecraft.sapling":2,"stat.pickup.srparasites.assimilated_flesh":7,"stat.pickup.minecraft.reeds":6,"stat.pickup.minecraft.bed":2,"stat.pickup.minecraft.potato":53,"stat.pickup.minecraft.emerald_block":6,"stat.pickup.srparasites.canisteractive":1,"stat.damageDealt":11438,"stat.sleepInBed":3,"stat.killEntity.Cow":8,"stat.mineBlock.quark.roots_blue_flower":4,"stat.useItem.minecraft.crafting_table":5,"stat.killEntity.Pig":3,"stat.craftItem.minecraft.iron_sword":1,"stat.drop.techguns.itemshared":44,"stat.pickup.techguns.itemshared":100,"stat.walkOneCm":326920,"stat.pickup.minecraft.stick":94,"stat.pickup.minecraft.clay_ball":20,"stat.craftItem.spartanweaponry.battleaxe_lead":2,"stat.mineBlock.srparasites.canisteractive":1,"stat.pickup.quark.root_flower":4,"stat.craftItem.minecraft.iron_chestplate":2,"stat.useItem.minecraft.stained_hardened_clay":61,"stat.pickup.minecraft.cooked_beef":51,"stat.killEntity.Skeleton":5,"stat.craftItem.techguns.itemshared":25,"stat.mineBlock.minecraft.stonebrick":30,"stat.killEntity.Chicken":4,"stat.killEntity.Spider":10,"stat.pickup.minecraft.bread":3,"stat.mobKills":78,"stat.mineBlock.minecraft.bookshelf":23,"stat.pickup.minecraft.water_bucket":4,"stat.pickup.minecraft.diamond":53,"stat.mineBlock.minecraft.leaves":16,"stat.pickup.minecraft.beetroot_seeds":13,"stat.pickup.minecraft.torch":14,"stat.mineBlock.srparasites.parasitecanister":3,"stat.mineBlock.minecraft.redstone_ore":1,"stat.mineBlock.minecraft.stone":524}