{"stat.mineBlock.quark.roots_white_flower":1,"stat.leaveGame":34,"stat.drop.minecraft.gunpowder":2,"stat.useItem.minecraft.bookshelf":16,"stat.entityKilledBy.techguns.ZombieMiner":2,"stat.drop.minecraft.redstone":2,"stat.drop.spartanweaponry.battleaxe_lead":2,"stat.mineBlock.minecraft.stained_glass":4,"stat.pickup.srparasites.parasitecanister":21,"stat.useItem.minecraft.planks":19,"stat.mineBlock.minecraft.web":2,"stat.pickup.minecraft.porkchop":6,"stat.pickup.nocubessrpnests.neststonedark":26,"stat.useItem.minecraft.water_bucket":17,"stat.pickup.minecraft.rotten_flesh":7,"stat.entityKilledBy.Spider":1,"stat.craftItem.minecraft.stone_axe":1,"stat.mineBlock.nocubessrpnests.nestegg":2,"stat.craftItem.spartanshields.shield_basic_diamond":1,"stat.pickup.minecraft.cobblestone_wall":1,"stat.craftItem.minecraft.stone_sword":1,"stat.pickup.nocubessrpnests.neststonespikes":4,"stat.mineBlock.minecraft.emerald_block":2,"stat.killEntity.Witch":3,"stat.pickup.quark.marble":1,"stat.killEntity.techguns.ZombieFarmer":8,"stat.pickup.quark.tallow":8,"stat.craftItem.spartanshields.shield_basic_wood":1,"stat.hopperInspected":6,"stat.useItem.minecraft.iron_pickaxe":658,"stat.pickup.minecraft.stained_hardened_clay":186,"stat.craftItem.minecraft.wooden_pickaxe":2,"stat.craftItem.minecraft.bed":2,"stat.mineBlock.minecraft.vine":1,"stat.pickup.techguns.basicore":82,"stat.furnaceInteraction":170,"stat.mineBlock.futuremc.cornflower":2,"stat.pickup.srparasites.lurecomponent1":29,"stat.drop.minecraft.red_flower":3,"stat.drop.charm.charged_emerald":2,"stat.pickup.minecraft.beef":42,"stat.pickup.minecraft.furnace":13,"stat.drop.minecraft.stained_hardened_clay":68,"stat.pickup.minecraft.leather_helmet":1,"stat.mineBlock.minecraft.stained_hardened_clay":58,"stat.pickup.minecraft.iron_chestplate":1,"stat.pickup.minecraft.potion":7,"stat.pickup.nocubessrpnests.neststonelight":21,"stat.useItem.minecraft.wheat_seeds":83,"stat.useItem.minecraft.dye":105,"stat.useItem.minecraft.beef":5,"stat.deaths":32,"stat.craftItem.futuremc.blast_furnace":1,"stat.pickup.minecraft.egg":4,"stat.playOneMinute":358330,"stat.pickup.techguns.handcannon":4,"stat.drop.minecraft.string":2,"stat.pickup.techguns.t1_miner_helmet":3,"stat.craftItem.minecraft.iron_pickaxe":5,"stat.pickup.minecraft.diamond_block":2,"stat.drop.techguns.handcannon":2,"stat.pickup.minecraft.iron_bars":2,"stat.drop.minecraft.iron_ingot":1,"stat.mineBlock.minecraft.tallgrass":75,"stat.chestOpened":293,"stat.pickup.minecraft.spruce_door":1,"stat.pickup.minecraft.arrow":18,"stat.pickup.minecraft.iron_sword":1,"stat.pickup.minecraft.wooden_pressure_plate":2,"stat.mineBlock.nocubessrpnests.neststonedark":13,"stat.mineBlock.minecraft.gold_block":3,"stat.useItem.spartanweaponry.battleaxe_lead":126,"stat.fallOneCm":68783,"stat.pickup.minecraft.carrot":153,"stat.crouchOneCm":107313,"stat.mineBlock.minecraft.chest":2,"stat.craftItem.minecraft.diamond":18,"stat.craftItem.minecraft.iron_ingot":197,"stat.craftItem.minecraft.chest":2,"stat.useItem.quark.root_flower":10,"stat.craftingTableInteraction":95,"stat.pickup.minecraft.wooden_pickaxe":3,"stat.pickup.minecraft.feather":7,"stat.useItem.futuremc.sweet_berries":81,"stat.craftItem.minecraft.wooden_button":2,"stat.killEntity.techguns.ZombieMiner":8,"stat.useItem.minecraft.reeds":1,"stat.craftItem.minecraft.wooden_sword":2,"stat.pickup.minecraft.dye":328,"stat.pickup.minecraft.planks":137,"stat.pickup.minecraft.iron_leggings":2,"stat.pickup.minecraft.wheat_seeds":217,"stat.pickup.techguns.t1_miner_chestplate":3,"stat.mineBlock.minecraft.gravel":18,"stat.useItem.minecraft.stone_pickaxe":211,"stat.mineBlock.minecraft.glass":13,"stat.useItem.minecraft.stone_sword":105,"stat.craftItem.minecraft.iron_leggings":2,"stat.useItem.minecraft.wool":4,"stat.mineBlock.minecraft.dirt":27,"stat.pickup.minecraft.poisonous_potato":1,"stat.useItem.minecraft.iron_bars":1,"stat.useItem.minecraft.torch":105,"stat.useItem.minecraft.bread":17,"stat.drop.tombstone.crafting_ingredient":1,"stat.pickup.minecraft.crafting_table":14,"stat.useItem.minecraft.log":2,"stat.useItem.minecraft.cobblestone":1071,"stat.mineBlock.techguns.basicore":68,"stat.craftItem.minecraft.crafting_table":4,"stat.mineBlock.nocubessrpnests.neststonelight":18,"stat.mineBlock.minecraft.double_plant":4,"stat.mineBlock.quark.stone_speleothem":1,"stat.pickup.minecraft.log":83,"stat.pickup.minecraft.iron_pickaxe":2,"stat.drop.quark.polished_stone":4,"stat.pickup.usefulbackpacks.backpack":6,"stat.craftItem.minecraft.gold_ingot":89,"stat.drop.minecraft.sapling":2,"stat.pickup.minecraft.chicken":5,"stat.craftItem.quark.custom_bookshelf":1,"stat.pickup.minecraft.sapling":22,"stat.pickup.minecraft.apple":5,"stat.mineBlock.minecraft.iron_block":10,"stat.mineBlock.overlast.red_leaves":23,"stat.pickup.minecraft.beetroot":63,"stat.craftItem.minecraft.bucket":3,"stat.craftItem.minecraft.planks":336,"stat.useItem.minecraft.iron_sword":249,"stat.pickup.futuremc.cornflower":2,"stat.itemEnchanted":3,"stat.pickup.minecraft.diamond_helmet":1,"stat.pickup.quark.root":2,"stat.pickup.minecraft.stone_sword":4,"stat.pickup.minecraft.book":123,"stat.useItem.minecraft.stonebrick":3,"stat.mineBlock.minecraft.log":79,"stat.useItem.minecraft.stone_hoe":42,"stat.useItem.minecraft.spruce_door":2,"stat.pickup.minecraft.red_flower":4,"stat.useItem.minecraft.beetroot_seeds":3,"stat.sneakTime":44046,"stat.pickup.minecraft.wool":5,"stat.mineBlock.minecraft.cobblestone_wall":1,"stat.useItem.minecraft.baked_potato":22,"stat.useItem.minecraft.wooden_axe":98,"stat.pickup.minecraft.stone_slab":27,"stat.useItem.minecraft.beetroot":9,"stat.pickup.minecraft.chest":2,"stat.craftItem.minecraft.spruce_door":3,"stat.craftItem.minecraft.enchanting_table":1,"stat.craftItem.minecraft.diamond_chestplate":1,"stat.pickup.minecraft.bone":58,"stat.drop.minecraft.sugar":2,"stat.craftItem.minecraft.diamond_leggings":1,"stat.drop.techguns.t1_miner_helmet":2,"stat.mineBlock.minecraft.cobblestone":128,"stat.pickup.minecraft.stone_pickaxe":3,"stat.useItem.techguns.basicore":7,"stat.pickup.minecraft.leather_chestplate":1,"stat.mineBlock.srparasites.gore":38,"stat.craftItem.minecraft.wool":8,"stat.craftItem.minecraft.diamond_helmet":1,"stat.mineBlock.minecraft.stained_glass_pane":9,"stat.swimOneCm":12684,"stat.mineBlock.minecraft.diamond_block":2,"stat.pickup.quark.glass_shards":51,"stat.climbOneCm":31016,"stat.pickup.capsule.capsule":4,"stat.mineBlock.quark.roots":9,"stat.useItem.minecraft.dirt":10,"stat.useItem.minecraft.stone_slab2":89,"stat.pickup.minecraft.iron_boots":1,"stat.pickup.minecraft.enchanting_table":4,"stat.useItem.minecraft.egg":4,"stat.craftItem.minecraft.iron_boots":2,"stat.craftItem.futuremc.smooth_stone":3,"stat.craftItem.minecraft.stone_pickaxe":2,"stat.mineBlock.minecraft.obsidian":2,"stat.pickup.minecraft.cobblestone":1497,"stat.pickup.minecraft.gold_block":9,"stat.pickup.quark.biome_cobblestone":3,"stat.mineBlock.minecraft.clay":5,"stat.pickup.futuremc.sweet_berries":261,"stat.pickup.minecraft.diamond_leggings":1,"stat.flyOneCm":715702,"stat.drop.minecraft.wheat_seeds":5,"stat.craftItem.quark.vertical_planks":6,"stat.useItem.minecraft.cooked_beef":15,"stat.pickup.minecraft.redstone":153,"stat.mineBlock.minecraft.iron_ore":108,"stat.timeSinceDeath":57485,"stat.drop.minecraft.log":1,"stat.pickup.minecraft.mutton":21,"stat.useItem.quark.root":2,"stat.useItem.minecraft.potato":51,"stat.pickup.spartanweaponry.battleaxe_lead":2,"stat.pickup.minecraft.stonebrick":54,"stat.mineBlock.minecraft.enchanting_table":2,"stat.mineBlock.minecraft.coal_ore":288,"stat.killEntity.Creeper":1,"stat.craftItem.minecraft.stone_hoe":2,"stat.pickup.minecraft.wooden_sword":2,"stat.pickup.minecraft.string":48,"stat.drop.usefulbackpacks.backpack":2,"stat.pickup.tombstone.crafting_ingredient":5,"stat.craftItem.minecraft.stone_slab2":0,"stat.sprintOneCm":1185697,"stat.mineBlock.minecraft.stone_slab":1,"stat.craftItem.minecraft.wooden_axe":4,"stat.craftItem.minecraft.stick":92,"stat.drop.techguns.basicore":13,"stat.drop.minecraft.potion":2,"stat.craftItem.minecraft.stone":18,"stat.mineBlock.minecraft.diamond_ore":72,"stat.useItem.minecraft.snowball":10,"stat.craftItem.quark.polished_stone":4,"stat.pickup.nocubessrpnests.organicsample":16,"stat.mineBlock.minecraft.crafting_table":13,"stat.useItem.minecraft.diamond_pickaxe":1063,"stat.useItem.minecraft.carrot":70,"stat.drop.capsule.capsule":2,"stat.pickup.minecraft.diamond_chestplate":1,"stat.pickup.minecraft.leather_leggings":2,"stat.pickup.minecraft.sugar":5,"stat.mineBlock.quark.marble":1,"stat.mineBlock.minecraft.planks":3,"stat.drop":76,"stat.useItem.minecraft.wooden_sword":83,"stat.killEntity.Sheep":5,"stat.craftItem.minecraft.diamond_pickaxe":2,"stat.pickup.minecraft.iron_block":10,"stat.killEntity.Zombie":4,"stat.craftItem.minecraft.dye":108,"stat.pickup.minecraft.snowball":10,"stat.drop.minecraft.bread":8,"stat.mineBlock.minecraft.gold_ore":51,"stat.diveOneCm":2286,"stat.drop.minecraft.diamond_pickaxe":2,"stat.pickup.minecraft.wheat":161,"stat.pickup.minecraft.gravel":32,"stat.useItem.minecraft.chicken":3,"stat.pickup.minecraft.stone_axe":5,"stat.useItem.quark.biome_cobblestone":1,"stat.pickup.minecraft.obsidian":2,"stat.mineBlock.quark.roots_black_flower":6,"stat.useItem.minecraft.rotten_flesh":4,"stat.jump":4165,"stat.pickup.minecraft.coal":344,"stat.pickup.minecraft.iron_helmet":2,"stat.pickup.minecraft.iron_ingot":68,"stat.useItem.minecraft.stone_axe":43,"stat.pickup.minecraft.gunpowder":17,"stat.craftItem.minecraft.bread":21,"stat.pickup.minecraft.spider_eye":11,"stat.craftItem.minecraft.torch":88,"stat.mineBlock.nocubessrpnests.neststonelightwall":1,"stat.pickup.minecraft.dirt":34,"stat.craftItem.minecraft.iron_helmet":2,"stat.drop.futuremc.sweet_berries":28,"stat.pickup.minecraft.iron_ore":108,"stat.pickup.minecraft.stone_shovel":1,"stat.mineBlock.minecraft.iron_bars":2,"stat.pickup.minecraft.gold_ore":51,"stat.mineBlock.minecraft.lapis_ore":43,"stat.mineBlock.minecraft.glass_pane":4,"stat.pickup.minecraft.leather":51,"stat.damageTaken":14297,"stat.mineBlock.minecraft.furnace":9,"stat.mineBlock.minecraft.torch":20,"stat.mineBlock.minecraft.red_flower":2,"stat.useItem.minecraft.wooden_pickaxe":32,"stat.mineBlock.nocubessrpnests.neststonespikes":4,"stat.mineBlock.minecraft.sapling":2,"stat.pickup.srparasites.assimilated_flesh":13,"stat.pickup.minecraft.reeds":6,"stat.pickup.minecraft.bed":2,"tombstone:undead_killed":12,"stat.pickup.minecraft.potato":400,"stat.pickup.minecraft.emerald_block":6,"stat.pickup.srparasites.canisteractive":1,"stat.damageDealt":19888,"stat.craftItem.minecraft.glass":1,"stat.sleepInBed":5,"stat.craftItem.minecraft.baked_potato":200,"stat.killEntity.Cow":9,"stat.mineBlock.quark.roots_blue_flower":11,"stat.useItem.minecraft.crafting_table":5,"stat.killEntity.Pig":3,"stat.craftItem.minecraft.iron_sword":1,"stat.drop.techguns.itemshared":45,"stat.pickup.techguns.itemshared":106,"stat.walkOneCm":536897,"stat.pickup.minecraft.stick":94,"stat.pickup.minecraft.diamond_pickaxe":2,"stat.pickup.minecraft.clay_ball":20,"stat.craftItem.spartanweaponry.battleaxe_lead":2,"stat.useItem.minecraft.lava_bucket":18,"stat.mineBlock.srparasites.canisteractive":1,"stat.drop.techguns.t1_miner_chestplate":1,"stat.craftItem.minecraft.diamond_boots":1,"stat.pickup.quark.root_flower":19,"stat.useItem.tombstone.gift":1,"stat.pickup.minecraft.stone":15,"stat.craftItem.minecraft.iron_chestplate":2,"stat.pickup.nocubessrpnests.neststonelightwall":1,"stat.useItem.minecraft.stained_hardened_clay":83,"stat.pickup.minecraft.cooked_beef":51,"stat.killEntity.Skeleton":6,"stat.mineBlock.quark.custom_bookshelf":1,"stat.craftItem.minecraft.bookshelf":19,"stat.craftItem.techguns.itemshared":35,"stat.mineBlock.minecraft.stonebrick":31,"stat.killEntity.Chicken":5,"stat.killEntity.Spider":12,"stat.pickup.minecraft.bread":3,"stat.mobKills":152,"stat.pickup.minecraft.diamond_boots":1,"stat.mineBlock.minecraft.bookshelf":30,"stat.pickup.minecraft.water_bucket":4,"stat.pickup.minecraft.diamond":89,"stat.mineBlock.minecraft.leaves":16,"stat.pickup.minecraft.beetroot_seeds":78,"stat.pickup.minecraft.torch":29,"stat.mineBlock.srparasites.parasitecanister":21,"stat.mineBlock.minecraft.redstone_ore":30,"stat.craftItem.minecraft.brick":6,"stat.mineBlock.minecraft.stone":942}