{"stat.mineBlock.quark.roots_white_flower":1,"stat.leaveGame":40,"stat.drop.minecraft.gunpowder":2,"stat.drop.minecraft.redstone":2,"stat.drop.spartanweaponry.battleaxe_lead":2,"stat.mineBlock.minecraft.stained_glass":4,"stat.drop.nocubessrpsurvival.flesheater":1,"stat.mineBlock.minecraft.web":2,"stat.pickup.srparasites.ada_arachnida_drop":2,"stat.drop.minecraft.iron_sword":1,"stat.pickup.minecraft.rotten_flesh":9,"stat.craftItem.minecraft.stone_axe":1,"stat.craftItem.spartanshields.shield_basic_diamond":1,"stat.pickup.minecraft.cobblestone_wall":1,"stat.pickup.minecraft.bucket":3,"stat.mineBlock.minecraft.emerald_block":2,"stat.killEntity.Witch":3,"stat.pickup.quark.tallow":25,"stat.useItem.minecraft.iron_pickaxe":658,"stat.pickup.minecraft.stained_hardened_clay":191,"stat.craftItem.minecraft.wooden_pickaxe":2,"stat.craftItem.minecraft.bed":2,"stat.mineBlock.minecraft.vine":1,"stat.pickup.techguns.basicore":115,"stat.furnaceInteraction":188,"stat.useItem.minecraft.golden_carrot":17,"stat.drop.minecraft.red_flower":3,"stat.pickup.minecraft.beef":42,"stat.pickup.minecraft.leather_helmet":1,"stat.mineBlock.minecraft.stained_hardened_clay":59,"stat.pickup.minecraft.potion":7,"stat.useItem.minecraft.wheat_seeds":83,"stat.useItem.minecraft.dye":105,"stat.useItem.minecraft.beef":5,"stat.deaths":34,"stat.pickup.minecraft.bowl":1,"stat.craftItem.futuremc.blast_furnace":1,"stat.pickup.minecraft.egg":4,"stat.pickup.techguns.t1_miner_helmet":4,"stat.craftItem.minecraft.iron_pickaxe":5,"stat.drop.minecraft.iron_ingot":1,"stat.mineBlock.minecraft.tallgrass":76,"stat.chestOpened":357,"stat.pickup.minecraft.arrow":26,"stat.pickup.minecraft.iron_sword":1,"stat.pickup.minecraft.wooden_pressure_plate":4,"stat.mineBlock.nocubessrpnests.neststonedark":13,"stat.pickup.minecraft.gold_nugget":13,"stat.useItem.spartanweaponry.battleaxe_lead":126,"stat.pickup.minecraft.carrot":176,"stat.crouchOneCm":110017,"stat.mineBlock.minecraft.chest":2,"stat.craftItem.minecraft.diamond":18,"stat.craftItem.minecraft.iron_ingot":238,"stat.useItem.quark.root_flower":13,"stat.craftingTableInteraction":116,"stat.pickup.minecraft.wooden_pickaxe":3,"stat.useItem.futuremc.sweet_berries":81,"stat.useItem.minecraft.reeds":1,"stat.craftItem.minecraft.wooden_sword":2,"stat.pickup.minecraft.dye":329,"stat.pickup.minecraft.planks":140,"stat.pickup.minecraft.wheat_seeds":254,"stat.pickup.techguns.t1_miner_chestplate":5,"stat.mineBlock.minecraft.glass":13,"stat.mineBlock.minecraft.dirt":27,"stat.pickup.minecraft.poisonous_potato":1,"stat.useItem.minecraft.bread":17,"stat.useItem.minecraft.cobblestone":1109,"stat.mineBlock.minecraft.double_plant":4,"stat.pickup.minecraft.iron_pickaxe":3,"stat.drop.quark.polished_stone":4,"stat.craftItem.minecraft.gold_ingot":109,"stat.drop.minecraft.sapling":2,"stat.pickup.minecraft.chicken":5,"stat.craftItem.quark.custom_bookshelf":1,"stat.pickup.minecraft.apple":9,"stat.craftItem.minecraft.bucket":3,"stat.craftItem.minecraft.planks":344,"stat.useItem.minecraft.iron_sword":268,"stat.pickup.futuremc.cornflower":4,"stat.itemEnchanted":7,"stat.pickup.minecraft.stone_sword":4,"stat.pickup.minecraft.book":123,"stat.useItem.minecraft.stonebrick":3,"stat.mineBlock.minecraft.log":81,"stat.useItem.minecraft.spruce_door":2,"stat.pickup.minecraft.red_flower":4,"stat.pickup.minecraft.wool":5,"stat.useItem.minecraft.wooden_axe":102,"stat.craftItem.minecraft.spruce_door":3,"stat.craftItem.minecraft.diamond_leggings":2,"stat.mineBlock.minecraft.cobblestone":128,"stat.pickup.minecraft.stone_pickaxe":3,"stat.useItem.techguns.basicore":7,"stat.pickup.minecraft.leather_chestplate":1,"stat.mineBlock.srparasites.gore":56,"stat.craftItem.minecraft.wool":8,"stat.mineBlock.minecraft.stained_glass_pane":9,"stat.useItem.minecraft.stone_slab2":97,"stat.pickup.minecraft.bow":2,"stat.pickup.minecraft.iron_boots":1,"stat.pickup.minecraft.diamond_horse_armor":3,"stat.craftItem.minecraft.lapis_block":30,"stat.useItem.minecraft.egg":4,"stat.craftItem.minecraft.iron_boots":2,"stat.craftItem.futuremc.smooth_stone":3,"stat.mineBlock.minecraft.obsidian":2,"stat.mineBlock.minecraft.clay":5,"stat.pickup.futuremc.sweet_berries":261,"stat.pickup.minecraft.diamond_leggings":1,"stat.flyOneCm":988607,"stat.timeSinceDeath":12863,"stat.craftItem.minecraft.iron_block":5,"stat.useItem.minecraft.potato":52,"stat.pickup.spartanweaponry.battleaxe_lead":2,"stat.mineBlock.minecraft.enchanting_table":2,"stat.mineBlock.minecraft.coal_ore":288,"stat.killEntity.Creeper":1,"stat.craftItem.minecraft.stone_hoe":2,"stat.pickup.minecraft.wooden_sword":2,"stat.pickup.minecraft.string":54,"stat.drop.usefulbackpacks.backpack":2,"stat.pickup.tombstone.crafting_ingredient":12,"stat.pickup.nocubessrpsurvival.redflesh":12,"stat.sprintOneCm":1290761,"stat.mineBlock.minecraft.stone_slab":1,"stat.craftItem.minecraft.wooden_axe":4,"stat.drop.techguns.basicore":13,"stat.useItem.carryon.tile_item":3,"stat.mineBlock.minecraft.diamond_ore":72,"stat.useItem.minecraft.snowball":10,"stat.pickup.nocubessrpnests.organicsample":16,"stat.pickup.minecraft.leather_leggings":2,"stat.pickup.minecraft.sugar":5,"stat.mineBlock.quark.marble":1,"stat.useItem.minecraft.wooden_sword":83,"stat.pickup.minecraft.iron_block":10,"stat.killEntity.Zombie":5,"stat.craftItem.minecraft.dye":126,"stat.pickup.minecraft.snowball":10,"stat.mineBlock.minecraft.gold_ore":51,"stat.diveOneCm":3071,"stat.drop.minecraft.diamond_pickaxe":2,"stat.pickup.minecraft.wheat":161,"stat.pickup.techguns.mac10":1,"stat.useItem.minecraft.chicken":3,"stat.pickup.minecraft.stone_axe":6,"stat.pickup.minecraft.obsidian":2,"stat.useItem.minecraft.rotten_flesh":4,"stat.drop.minecraft.apple":2,"stat.jump":4542,"stat.pickup.minecraft.coal":402,"stat.pickup.minecraft.iron_ingot":68,"stat.pickup.minecraft.gunpowder":28,"stat.craftItem.minecraft.torch":120,"stat.mineBlock.nocubessrpnests.neststonelightwall":1,"stat.pickup.minecraft.dirt":34,"stat.drop.futuremc.sweet_berries":28,"stat.pickup.minecraft.stone_shovel":1,"stat.pickup.minecraft.gold_ore":51,"stat.mineBlock.minecraft.lapis_ore":43,"stat.craftItem.futuremc.grindstone":1,"stat.mineBlock.minecraft.glass_pane":4,"stat.damageTaken":16365,"stat.mineBlock.minecraft.torch":21,"stat.mineBlock.minecraft.red_flower":2,"stat.mineBlock.minecraft.sapling":2,"stat.pickup.srparasites.assimilated_flesh":43,"stat.pickup.minecraft.bed":2,"stat.pickup.minecraft.quartz_block":15,"stat.pickup.minecraft.potato":402,"stat.drop.techguns.itemshared":45,"stat.pickup.techguns.itemshared":336,"stat.useItem.minecraft.chest":4,"stat.pickup.minecraft.diamond_pickaxe":2,"stat.craftItem.spartanweaponry.battleaxe_lead":2,"stat.useItem.minecraft.lava_bucket":18,"stat.mineBlock.srparasites.canisteractive":2,"stat.useItem.tombstone.gift":2,"stat.craftItem.minecraft.iron_chestplate":2,"stat.pickup.minecraft.baked_potato":12,"stat.drop.minecraft.potato":1,"stat.useItem.minecraft.stained_hardened_clay":83,"stat.pickup.minecraft.cooked_beef":51,"stat.craftItem.minecraft.bookshelf":19,"stat.craftItem.techguns.itemshared":35,"stat.mineBlock.minecraft.stonebrick":31,"stat.mobKills":176,"stat.pickup.minecraft.diamond_boots":2,"stat.mineBlock.minecraft.bookshelf":30,"stat.pickup.minecraft.diamond":89,"stat.pickup.minecraft.beetroot_seeds":78,"stat.pickup.minecraft.torch":30,"stat.useItem.minecraft.bookshelf":16,"stat.entityKilledBy.techguns.ZombieMiner":2,"stat.pickup.srparasites.parasitecanister":54,"stat.useItem.minecraft.planks":19,"stat.pickup.minecraft.glowstone_dust":9,"stat.pickup.minecraft.porkchop":6,"stat.pickup.nocubessrpnests.neststonedark":39,"stat.useItem.minecraft.water_bucket":17,"stat.entityKilledBy.Spider":1,"stat.mineBlock.nocubessrpnests.nestegg":2,"stat.craftItem.minecraft.stone_sword":1,"stat.pickup.nocubessrpnests.neststonespikes":4,"stat.pickup.quark.marble":1,"stat.pickup.quark.rune":1,"stat.killEntity.techguns.ZombieFarmer":11,"stat.craftItem.spartanshields.shield_basic_wood":1,"stat.hopperInspected":6,"stat.craftItem.minecraft.golden_carrot":23,"stat.mineBlock.futuremc.cornflower":2,"stat.pickup.srparasites.lurecomponent3":1,"stat.pickup.srparasites.lurecomponent1":54,"stat.pickup.minecraft.wooden_button":2,"stat.pickup.srparasites.lurecomponent4":3,"stat.drop.charm.charged_emerald":2,"stat.pickup.minecraft.furnace":13,"stat.drop.minecraft.stained_hardened_clay":68,"stat.pickup.minecraft.iron_chestplate":2,"stat.pickup.nocubessrpnests.neststonelight":21,"stat.drop.minecraft.golden_carrot":3,"stat.playOneMinute":424767,"stat.pickup.techguns.handcannon":4,"stat.drop.minecraft.string":2,"stat.pickup.minecraft.diamond_block":2,"stat.drop.techguns.handcannon":2,"stat.pickup.minecraft.iron_bars":2,"stat.pickup.minecraft.spruce_door":1,"stat.recordPlayed":2,"stat.mineBlock.minecraft.gold_block":3,"stat.fallOneCm":76652,"stat.drop.minecraft.dye":5,"stat.craftItem.minecraft.chest":2,"stat.pickup.minecraft.red_mushroom":1,"stat.useItem.nocubessrpsurvival.flesheater":142,"stat.pickup.minecraft.feather":7,"stat.craftItem.minecraft.wooden_button":2,"stat.pickup.minecraft.record_cat":3,"stat.killEntity.techguns.ZombieMiner":9,"stat.pickup.minecraft.iron_leggings":2,"stat.mineBlock.minecraft.gravel":18,"stat.useItem.minecraft.stone_pickaxe":211,"stat.useItem.minecraft.stone_sword":105,"stat.craftItem.minecraft.iron_leggings":2,"stat.useItem.minecraft.wool":4,"stat.useItem.minecraft.iron_bars":1,"stat.useItem.minecraft.torch":124,"stat.drop.tombstone.crafting_ingredient":1,"stat.craftItem.minecraft.redstone_block":5,"stat.pickup.minecraft.crafting_table":14,"stat.useItem.minecraft.log":2,"stat.mineBlock.techguns.basicore":68,"stat.craftItem.minecraft.crafting_table":4,"stat.mineBlock.nocubessrpnests.neststonelight":18,"stat.mineBlock.quark.stone_speleothem":1,"stat.pickup.minecraft.log":85,"stat.pickup.usefulbackpacks.backpack":6,"stat.pickup.minecraft.sapling":22,"stat.mineBlock.minecraft.iron_block":10,"stat.pickup.srparasites.bone":1,"stat.mineBlock.overlast.red_leaves":23,"stat.pickup.minecraft.beetroot":71,"stat.pickup.minecraft.diamond_helmet":1,"stat.pickup.quark.root":2,"stat.useItem.minecraft.stone_hoe":42,"stat.useItem.minecraft.beetroot_seeds":3,"stat.sneakTime":46209,"stat.mineBlock.minecraft.cobblestone_wall":1,"stat.useItem.minecraft.baked_potato":40,"stat.pickup.minecraft.stone_slab":27,"stat.mineBlock.minecraft.jukebox":1,"stat.useItem.minecraft.beetroot":9,"stat.pickup.minecraft.chest":7,"stat.craftItem.minecraft.enchanting_table":1,"stat.craftItem.minecraft.diamond_chestplate":2,"stat.pickup.minecraft.bone":59,"stat.drop.minecraft.sugar":2,"stat.drop.techguns.t1_miner_helmet":2,"stat.craftItem.minecraft.diamond_helmet":2,"stat.swimOneCm":14207,"stat.mineBlock.minecraft.diamond_block":2,"stat.pickup.quark.glass_shards":90,"stat.climbOneCm":31016,"stat.pickup.capsule.capsule":6,"stat.mineBlock.quark.roots":9,"stat.useItem.minecraft.dirt":10,"stat.pickup.minecraft.enchanting_table":4,"stat.pickup.minecraft.anvil":1,"stat.craftItem.minecraft.stone_pickaxe":2,"stat.pickup.minecraft.cobblestone":1704,"stat.pickup.minecraft.gold_block":9,"stat.pickup.quark.biome_cobblestone":3,"stat.drop.minecraft.wheat_seeds":5,"stat.craftItem.quark.vertical_planks":6,"stat.useItem.minecraft.cooked_beef":15,"stat.pickup.minecraft.redstone":225,"stat.mineBlock.minecraft.iron_ore":108,"stat.drop.minecraft.log":1,"stat.pickup.minecraft.mutton":21,"stat.useItem.quark.root":2,"stat.pickup.minecraft.stonebrick":56,"stat.pickup.spartanweaponry.material":3,"stat.craftItem.minecraft.stone_slab2":0,"stat.craftItem.minecraft.stick":104,"stat.drop.minecraft.potion":2,"stat.useItem.minecraft.stone_slab":3,"stat.craftItem.minecraft.stone":18,"stat.craftItem.minecraft.gold_nugget":189,"stat.craftItem.quark.polished_stone":4,"stat.mineBlock.minecraft.crafting_table":13,"stat.useItem.minecraft.diamond_pickaxe":1066,"stat.useItem.minecraft.carrot":70,"stat.drop.capsule.capsule":2,"stat.pickup.minecraft.diamond_chestplate":2,"stat.mineBlock.minecraft.planks":3,"stat.drop":83,"stat.pickup.minecraft.jukebox":1,"stat.killEntity.Sheep":5,"stat.craftItem.minecraft.diamond_pickaxe":3,"stat.drop.minecraft.bread":8,"stat.craftItem.minecraft.jukebox":1,"stat.pickup.minecraft.gravel":32,"stat.useItem.quark.biome_cobblestone":1,"stat.mineBlock.quark.roots_black_flower":6,"stat.pickup.minecraft.iron_helmet":2,"stat.useItem.minecraft.stone_axe":43,"stat.craftItem.minecraft.bread":21,"stat.pickup.minecraft.spider_eye":11,"stat.craftItem.minecraft.iron_helmet":2,"stat.pickup.minecraft.iron_ore":108,"stat.mineBlock.minecraft.iron_bars":2,"stat.pickup.minecraft.leather":55,"stat.craftItem.nocubessrpsurvival.flesheater":2,"stat.mineBlock.minecraft.furnace":9,"stat.useItem.minecraft.wooden_pickaxe":32,"stat.mineBlock.nocubessrpnests.neststonespikes":4,"stat.pickup.minecraft.reeds":6,"tombstone:undead_killed":17,"stat.pickup.minecraft.emerald_block":6,"stat.pickup.srparasites.canisteractive":3,"stat.damageDealt":25253,"stat.craftItem.minecraft.glass":1,"stat.sleepInBed":5,"stat.craftItem.minecraft.baked_potato":253,"stat.killEntity.Cow":9,"stat.mineBlock.quark.roots_blue_flower":11,"stat.useItem.minecraft.crafting_table":5,"stat.killEntity.Pig":3,"stat.craftItem.minecraft.iron_sword":1,"stat.walkOneCm":580801,"stat.pickup.minecraft.stick":96,"stat.pickup.minecraft.clay_ball":20,"stat.pickup.techguns.t1_miner_boots":1,"stat.drop.techguns.t1_miner_chestplate":1,"stat.craftItem.minecraft.diamond_boots":3,"stat.pickup.quark.root_flower":20,"stat.pickup.minecraft.stone":15,"stat.pickup.nocubessrpnests.neststonelightwall":1,"stat.killEntity.Skeleton":6,"stat.mineBlock.quark.custom_bookshelf":1,"stat.killEntity.Chicken":5,"stat.killEntity.Spider":12,"stat.pickup.minecraft.bread":4,"stat.pickup.minecraft.quartz":1,"stat.pickup.minecraft.water_bucket":4,"stat.mineBlock.minecraft.leaves":17,"stat.mineBlock.srparasites.parasitecanister":21,"stat.mineBlock.minecraft.redstone_ore":30,"stat.craftItem.minecraft.brick":6,"stat.mineBlock.minecraft.stone":942}