{"stat.chestOpened":1,"stat.walkOneCm":3731,"stat.mineBlock.minecraft.tnt":1,"stat.useItem.minecraft.bread":1,"stat.useItem.minecraft.potato":4,"stat.pickup.minecraft.wooden_axe":1,"stat.leaveGame":1,"stat.pickup.minecraft.wooden_pickaxe":1,"stat.pickup.minecraft.crafting_table":2,"stat.mineBlock.minecraft.crafting_table":2,"stat.damageTaken":80,"stat.mineBlock.minecraft.torch":1,"stat.mineBlock.minecraft.furnace":2,"stat.useItem.minecraft.wooden_pickaxe":3,"stat.flyOneCm":12167,"stat.pickup.minecraft.bed":1,"stat.pickup.minecraft.wheat_seeds":1,"stat.jump":49,"stat.playOneMinute":4294,"stat.fallOneCm":2393,"stat.climbOneCm":172,"stat.pickup.minecraft.torch":1,"stat.pickup.minecraft.furnace":2,"stat.pickup.minecraft.tnt":1,"stat.sneakTime":382,"stat.pickup.usefulbackpacks.backpack":1,"stat.pickup.minecraft.web":4,"stat.crouchOneCm":758,"stat.pickup.minecraft.item_frame":3,"stat.sleepInBed":1,"stat.mineBlock.minecraft.chest":1,"stat.timeSinceDeath":4294,"stat.useItem.minecraft.wooden_axe":3,"stat.pickup.minecraft.dirt":4,"stat.sprintOneCm":7373,"stat.mineBlock.minecraft.dirt":1,"stat.useItem.minecraft.stone_slab2":1,"stat.useItem.overlast.wooden_sword_plus":1,"stat.mineBlock.minecraft.tallgrass":4,"stat.pickup.minecraft.chest":1,"stat.useItem.minecraft.web":2}