{"stat.useItem.nocubessrpsurvival.assimilatedsoup":1,"stat.leaveGame":10,"stat.entityKilledBy.techguns.ZombieMiner":1,"stat.craftItem.minecraft.iron_axe":1,"stat.craftItem.spartanweaponry.greatsword_stone":2,"stat.pickup.srparasites.parasitecanister":2,"stat.useItem.minecraft.planks":234,"stat.craftItem.minecraft.shield":1,"stat.drop.minecraft.bowl":1,"stat.pickup.minecraft.porkchop":7,"stat.useItem.minecraft.water_bucket":3,"stat.pickup.minecraft.rotten_flesh":3,"stat.pickup.minecraft.sand":5,"stat.useItem.futuremc.cornflower":1,"stat.pickup.minecraft.brick_block":2,"stat.craftItem.minecraft.stone_axe":1,"stat.pickup.minecraft.bucket":1,"stat.pickup.spartanweaponry.greatsword_stone":4,"stat.entityKilledBy.techguns.ZombieSoldier":1,"stat.pickup.quark.tallow":14,"stat.useItem.minecraft.iron_pickaxe":319,"stat.mineBlock.minecraft.brick_block":2,"stat.pickup.techguns.basicore":8,"stat.furnaceInteraction":14,"stat.craftItem.spartanweaponry.material":8,"stat.pickup.srparasites.lurecomponent1":4,"stat.mineBlock.techguns.metalpanel":1,"stat.pickup.minecraft.beef":2,"stat.pickup.minecraft.furnace":1,"stat.pickup.minecraft.iron_chestplate":8,"stat.useItem.minecraft.wheat_seeds":7,"stat.useItem.minecraft.beef":2,"stat.pickup.minecraft.bowl":6,"stat.deaths":7,"stat.pickup.minecraft.egg":1,"stat.playOneMinute":130069,"stat.craftItem.minecraft.iron_pickaxe":2,"stat.pickup.minecraft.iron_bars":1,"stat.mineBlock.minecraft.tallgrass":50,"stat.pickup.minecraft.cooked_mutton":1,"stat.chestOpened":47,"stat.pickup.minecraft.gold_nugget":4,"stat.fallOneCm":21731,"stat.pickup.minecraft.carrot":444,"stat.crouchOneCm":46413,"stat.mineBlock.minecraft.chest":4,"stat.craftItem.minecraft.iron_ingot":16,"stat.craftingTableInteraction":33,"stat.pickup.minecraft.wooden_pickaxe":3,"stat.killEntity.techguns.ZombieMiner":2,"stat.pickup.minecraft.dye":43,"stat.pickup.minecraft.planks":323,"stat.pickup.minecraft.iron_leggings":1,"stat.pickup.minecraft.wheat_seeds":183,"stat.mineBlock.minecraft.gravel":1,"stat.useItem.minecraft.stone_pickaxe":135,"stat.craftItem.minecraft.iron_leggings":1,"stat.mineBlock.minecraft.dirt":31,"stat.useItem.minecraft.bread":18,"stat.useItem.minecraft.torch":161,"stat.pickup.minecraft.crafting_table":3,"stat.useItem.minecraft.cobblestone":445,"stat.mineBlock.techguns.basicore":8,"stat.craftItem.minecraft.crafting_table":6,"stat.mineBlock.minecraft.double_plant":4,"stat.drop.srparasites.parasitecanister":1,"stat.pickup.minecraft.log":74,"stat.pickup.minecraft.iron_pickaxe":2,"stat.drop.minecraft.carrot":35,"stat.pickup.usefulbackpacks.backpack":2,"stat.drop.minecraft.planks":52,"stat.drop.minecraft.sapling":1,"stat.drop.minecraft.gold_nugget":2,"stat.pickup.minecraft.sapling":14,"stat.craftItem.minecraft.planks":312,"stat.pickup.futuremc.cornflower":8,"stat.mineBlock.minecraft.log":74,"stat.pickup.nocubessrpsurvival.assimilatedsoup":3,"stat.pickup.minecraft.red_flower":2,"stat.sneakTime":16967,"stat.pickup.minecraft.yellow_flower":4,"stat.pickup.minecraft.chest":4,"stat.drop.minecraft.stone_pickaxe":2,"stat.pickup.spartanweaponry.longsword_iron":2,"stat.useItem.minecraft.iron_axe":70,"stat.drop.minecraft.stone_shovel":1,"stat.mineBlock.minecraft.cobblestone":67,"stat.pickup.minecraft.stone_pickaxe":5,"stat.mineBlock.minecraft.yellow_flower":1,"stat.mineBlock.srparasites.gore":9,"stat.swimOneCm":2978,"stat.climbOneCm":15512,"stat.killEntity.techguns.ZombieSoldier":2,"stat.mineBlock.quark.roots":1,"stat.useItem.minecraft.dirt":214,"stat.useItem.minecraft.stone_slab2":53,"stat.pickup.minecraft.iron_boots":4,"stat.useItem.minecraft.red_flower":1,"stat.craftItem.minecraft.furnace":1,"stat.useItem.minecraft.egg":1,"stat.craftItem.minecraft.iron_boots":1,"stat.craftItem.minecraft.stone_pickaxe":3,"stat.pickup.minecraft.cobblestone":440,"stat.useItem.minecraft.stone_shovel":4,"stat.flyOneCm":101825,"stat.useItem.minecraft.cooked_beef":1,"stat.pickup.minecraft.redstone":36,"stat.mineBlock.minecraft.iron_ore":28,"stat.timeSinceDeath":57199,"stat.killEntity.techguns.SkeletonSoldier":1,"stat.drop.minecraft.coal":22,"stat.pickup.minecraft.iron_shovel":1,"stat.mineBlock.minecraft.coal_ore":14,"stat.pickup.minecraft.shield":3,"stat.talkedToVillager":1,"stat.pickup.spartanweaponry.material":3,"stat.craftItem.minecraft.stone_slab2":0,"stat.sprintOneCm":376366,"stat.craftItem.minecraft.stick":48,"stat.drop.minecraft.stone_hoe":1,"stat.mineBlock.minecraft.diamond_ore":40,"stat.pickup.techguns.t1_miner_leggings":4,"stat.mineBlock.minecraft.crafting_table":4,"stat.useItem.minecraft.diamond_pickaxe":4,"stat.useItem.minecraft.carrot":108,"stat.entityKilledBy.Creeper":1,"stat.mineBlock.minecraft.planks":71,"stat.drop":35,"stat.craftItem.minecraft.diamond_pickaxe":1,"stat.drop.minecraft.bread":3,"stat.diveOneCm":4133,"stat.pickup.minecraft.wheat":97,"stat.pickup.minecraft.sign":5,"stat.pickup.minecraft.gravel":1,"stat.pickup.minecraft.stone_axe":4,"stat.useItem.minecraft.porkchop":7,"stat.useItem.minecraft.rotten_flesh":2,"stat.jump":1197,"stat.pickup.minecraft.coal":127,"stat.pickup.minecraft.iron_helmet":4,"stat.pickup.minecraft.iron_ingot":26,"stat.useItem.minecraft.stone_axe":116,"stat.craftItem.minecraft.bread":15,"stat.pickup.minecraft.gunpowder":5,"stat.craftItem.minecraft.torch":84,"stat.pickup.minecraft.dirt":189,"stat.craftItem.minecraft.iron_helmet":1,"stat.pickup.minecraft.iron_ore":29,"stat.useItem.minecraft.sapling":4,"stat.mineBlock.minecraft.iron_bars":1,"stat.mineBlock.minecraft.lapis_ore":8,"stat.pickup.minecraft.iron_axe":4,"stat.mineBlock.minecraft.glass_pane":3,"stat.damageTaken":15126,"stat.pickup.minecraft.leather":5,"stat.mineBlock.minecraft.torch":1,"stat.useItem.minecraft.wooden_pickaxe":2,"stat.mineBlock.minecraft.sapling":1,"stat.pickup.srparasites.assimilated_flesh":48,"stat.useItem.spartanweaponry.greatsword_stone":61,"stat.pickup.minecraft.bed":1,"stat.pickup.techguns.metalpanel":1,"stat.damageDealt":3320,"stat.sleepInBed":6,"stat.killEntity.Cow":1,"stat.useItem.minecraft.crafting_table":1,"stat.killEntity.Pig":3,"stat.pickup.techguns.itemshared":25,"stat.walkOneCm":242518,"stat.useItem.minecraft.chest":2,"stat.pickup.minecraft.stick":37,"stat.pickup.minecraft.stone":52,"stat.craftItem.minecraft.iron_chestplate":1,"stat.pickup.minecraft.ender_pearl":1,"stat.pickup.minecraft.cooked_beef":1,"stat.killEntity.Chicken":1,"stat.pickup.minecraft.bread":10,"stat.mobKills":18,"stat.pickup.minecraft.water_bucket":3,"stat.pickup.minecraft.diamond":40,"stat.mineBlock.minecraft.leaves":14,"stat.pickup.minecraft.torch":14,"stat.mineBlock.srparasites.parasitecanister":2,"stat.mineBlock.minecraft.redstone_ore":6,"stat.mineBlock.minecraft.stone":272}