{"stat.pickup.minecraft.bone":57,"stat.drop.techguns.t1_miner_helmet":1,"stat.leaveGame":2,"stat.pickup.minecraft.stone_pickaxe":3,"stat.entityKilledBy.techguns.ZombieMiner":1,"stat.pickup.minecraft.leather_chestplate":1,"stat.craftItem.minecraft.wool":6,"stat.mineBlock.minecraft.stained_glass":4,"stat.swimOneCm":1362,"stat.mineBlock.minecraft.diamond_block":2,"stat.pickup.quark.glass_shards":12,"stat.climbOneCm":11818,"stat.useItem.minecraft.planks":6,"stat.pickup.capsule.capsule":2,"stat.pickup.minecraft.porkchop":6,"stat.useItem.minecraft.stone_slab2":14,"stat.pickup.minecraft.iron_boots":1,"stat.pickup.minecraft.rotten_flesh":2,"stat.pickup.minecraft.enchanting_table":3,"stat.craftItem.minecraft.stone_axe":1,"stat.craftItem.minecraft.iron_boots":1,"stat.craftItem.minecraft.stone_pickaxe":1,"stat.pickup.minecraft.cobblestone":174,"stat.pickup.minecraft.gold_block":9,"stat.pickup.futuremc.sweet_berries":1,"stat.craftItem.minecraft.stone_sword":1,"stat.flyOneCm":119085,"stat.mineBlock.minecraft.emerald_block":2,"stat.killEntity.Witch":3,"stat.useItem.minecraft.cooked_beef":15,"stat.killEntity.techguns.ZombieFarmer":3,"stat.pickup.quark.tallow":8,"stat.pickup.minecraft.redstone":7,"stat.timeSinceDeath":8463,"stat.useItem.minecraft.iron_pickaxe":48,"stat.pickup.minecraft.stained_hardened_clay":11,"stat.craftItem.minecraft.wooden_pickaxe":1,"stat.pickup.minecraft.mutton":21,"stat.craftItem.minecraft.bed":2,"stat.pickup.minecraft.stonebrick":51,"stat.mineBlock.minecraft.enchanting_table":1,"stat.mineBlock.minecraft.coal_ore":9,"stat.pickup.srparasites.lurecomponent1":6,"stat.pickup.minecraft.wooden_sword":2,"stat.pickup.minecraft.string":37,"stat.drop.charm.charged_emerald":2,"stat.pickup.minecraft.beef":36,"stat.pickup.minecraft.furnace":8,"stat.drop.usefulbackpacks.backpack":1,"stat.pickup.minecraft.leather_helmet":1,"stat.mineBlock.minecraft.stained_hardened_clay":8,"stat.sprintOneCm":165894,"stat.pickup.minecraft.iron_chestplate":1,"stat.mineBlock.minecraft.stone_slab":1,"stat.craftItem.minecraft.wooden_axe":1,"stat.craftItem.minecraft.stick":48,"stat.drop.minecraft.potion":2,"stat.pickup.minecraft.potion":7,"stat.mineBlock.minecraft.crafting_table":4,"stat.pickup.minecraft.leather_leggings":2,"stat.useItem.minecraft.beef":4,"stat.mineBlock.minecraft.planks":1,"stat.deaths":4,"stat.drop":11,"stat.playOneMinute":54661,"stat.useItem.minecraft.wooden_sword":61,"stat.pickup.techguns.handcannon":3,"stat.drop.minecraft.string":2,"stat.killEntity.Sheep":5,"stat.pickup.techguns.t1_miner_helmet":2,"stat.craftItem.minecraft.iron_pickaxe":2,"stat.pickup.minecraft.diamond_block":2,"stat.drop.techguns.handcannon":2,"stat.pickup.minecraft.iron_block":10,"stat.killEntity.Zombie":2,"stat.mineBlock.minecraft.tallgrass":14,"stat.pickup.minecraft.wheat":14,"stat.chestOpened":35,"stat.pickup.minecraft.gravel":24,"stat.pickup.minecraft.arrow":16,"stat.pickup.minecraft.stone_axe":5,"stat.useItem.minecraft.rotten_flesh":3,"stat.mineBlock.minecraft.gold_block":3,"stat.jump":598,"stat.pickup.minecraft.coal":19,"stat.pickup.minecraft.iron_helmet":2,"stat.fallOneCm":9488,"stat.pickup.minecraft.iron_ingot":64,"stat.pickup.minecraft.carrot":1,"stat.useItem.minecraft.stone_axe":43,"stat.pickup.minecraft.gunpowder":4,"stat.crouchOneCm":12785,"stat.mineBlock.minecraft.chest":1,"stat.craftItem.minecraft.diamond":18,"stat.pickup.minecraft.spider_eye":10,"stat.craftItem.minecraft.torch":12,"stat.craftItem.minecraft.iron_ingot":90,"stat.pickup.minecraft.dirt":7,"stat.craftItem.minecraft.iron_helmet":1,"stat.craftingTableInteraction":18,"stat.pickup.minecraft.stone_shovel":1,"stat.pickup.minecraft.wooden_pickaxe":3,"stat.pickup.minecraft.leather":37,"stat.damageTaken":2743,"stat.pickup.minecraft.feather":2,"stat.useItem.futuremc.sweet_berries":1,"stat.craftItem.minecraft.wooden_button":2,"stat.mineBlock.minecraft.furnace":4,"stat.killEntity.techguns.ZombieMiner":2,"stat.mineBlock.minecraft.torch":3,"stat.useItem.minecraft.wooden_pickaxe":15,"stat.pickup.srparasites.assimilated_flesh":7,"stat.pickup.minecraft.planks":125,"stat.pickup.minecraft.iron_leggings":2,"stat.pickup.minecraft.bed":2,"stat.pickup.minecraft.wheat_seeds":13,"stat.pickup.minecraft.emerald_block":6,"stat.mineBlock.minecraft.gravel":10,"stat.useItem.minecraft.stone_pickaxe":80,"stat.useItem.minecraft.stone_sword":105,"stat.craftItem.minecraft.iron_leggings":1,"stat.damageDealt":5771,"stat.useItem.minecraft.wool":4,"stat.sleepInBed":3,"stat.killEntity.Cow":5,"stat.mineBlock.minecraft.dirt":6,"stat.useItem.minecraft.crafting_table":1,"stat.killEntity.Pig":3,"stat.drop.techguns.itemshared":44,"stat.pickup.techguns.itemshared":95,"stat.walkOneCm":63225,"stat.useItem.minecraft.torch":12,"stat.useItem.minecraft.bread":3,"stat.pickup.minecraft.stick":94,"stat.pickup.minecraft.crafting_table":5,"stat.useItem.minecraft.log":2,"stat.useItem.minecraft.cobblestone":10,"stat.craftItem.minecraft.crafting_table":1,"stat.craftItem.spartanweaponry.battleaxe_lead":1,"stat.mineBlock.minecraft.double_plant":1,"stat.pickup.minecraft.log":33,"stat.pickup.minecraft.iron_pickaxe":1,"stat.pickup.usefulbackpacks.backpack":6,"stat.craftItem.minecraft.iron_chestplate":1,"stat.pickup.minecraft.chicken":1,"stat.useItem.minecraft.stained_hardened_clay":2,"stat.pickup.minecraft.sapling":7,"stat.pickup.minecraft.cooked_beef":51,"stat.pickup.minecraft.apple":4,"stat.mineBlock.minecraft.iron_block":10,"stat.killEntity.Skeleton":5,"stat.mineBlock.overlast.red_leaves":2,"stat.craftItem.minecraft.bucket":1,"stat.mineBlock.minecraft.stonebrick":28,"stat.craftItem.minecraft.planks":140,"stat.killEntity.Chicken":1,"stat.killEntity.Spider":10,"stat.pickup.minecraft.stone_sword":4,"stat.mobKills":42,"stat.pickup.minecraft.book":69,"stat.useItem.minecraft.stonebrick":3,"stat.mineBlock.minecraft.log":30,"stat.mineBlock.minecraft.bookshelf":13,"stat.pickup.minecraft.water_bucket":4,"stat.useItem.minecraft.spruce_door":2,"stat.pickup.minecraft.diamond":18,"stat.mineBlock.minecraft.leaves":8,"stat.pickup.minecraft.torch":4,"stat.sneakTime":5190,"stat.pickup.minecraft.wool":5,"stat.useItem.minecraft.wooden_axe":19,"stat.pickup.minecraft.stone_slab":2,"stat.mineBlock.minecraft.stone":54,"stat.pickup.minecraft.chest":1,"stat.craftItem.minecraft.spruce_door":3}