{"stat.leaveGame":5,"stat.entityKilledBy.techguns.ZombieMiner":1,"stat.mineBlock.minecraft.stained_glass":4,"stat.useItem.minecraft.planks":15,"stat.pickup.minecraft.porkchop":6,"stat.pickup.minecraft.rotten_flesh":4,"stat.craftItem.minecraft.stone_axe":1,"stat.craftItem.minecraft.stone_sword":1,"stat.mineBlock.minecraft.emerald_block":2,"stat.killEntity.Witch":3,"stat.killEntity.techguns.ZombieFarmer":3,"stat.pickup.quark.tallow":8,"stat.useItem.minecraft.iron_pickaxe":48,"stat.pickup.minecraft.stained_hardened_clay":11,"stat.craftItem.minecraft.wooden_pickaxe":2,"stat.craftItem.minecraft.bed":2,"stat.mineBlock.minecraft.vine":1,"stat.furnaceInteraction":4,"stat.pickup.srparasites.lurecomponent1":6,"stat.drop.minecraft.red_flower":2,"stat.drop.charm.charged_emerald":2,"stat.pickup.minecraft.beef":41,"stat.pickup.minecraft.furnace":9,"stat.pickup.minecraft.leather_helmet":1,"stat.mineBlock.minecraft.stained_hardened_clay":8,"stat.pickup.minecraft.iron_chestplate":1,"stat.pickup.minecraft.potion":7,"stat.useItem.minecraft.beef":5,"stat.deaths":10,"stat.pickup.minecraft.egg":2,"stat.playOneMinute":78692,"stat.pickup.techguns.handcannon":3,"stat.drop.minecraft.string":2,"stat.pickup.techguns.t1_miner_helmet":2,"stat.craftItem.minecraft.iron_pickaxe":2,"stat.pickup.minecraft.diamond_block":2,"stat.drop.techguns.handcannon":2,"stat.pickup.minecraft.iron_bars":2,"stat.drop.minecraft.iron_ingot":1,"stat.mineBlock.minecraft.tallgrass":27,"stat.chestOpened":51,"stat.pickup.minecraft.arrow":18,"stat.mineBlock.minecraft.gold_block":3,"stat.fallOneCm":17448,"stat.pickup.minecraft.carrot":1,"stat.crouchOneCm":17254,"stat.mineBlock.minecraft.chest":1,"stat.craftItem.minecraft.diamond":18,"stat.craftItem.minecraft.iron_ingot":90,"stat.craftingTableInteraction":24,"stat.pickup.minecraft.wooden_pickaxe":3,"stat.pickup.minecraft.feather":6,"stat.useItem.futuremc.sweet_berries":38,"stat.craftItem.minecraft.wooden_button":2,"stat.killEntity.techguns.ZombieMiner":2,"stat.craftItem.minecraft.wooden_sword":2,"stat.pickup.minecraft.planks":127,"stat.pickup.minecraft.iron_leggings":2,"stat.pickup.minecraft.wheat_seeds":15,"stat.mineBlock.minecraft.gravel":10,"stat.useItem.minecraft.stone_pickaxe":96,"stat.mineBlock.minecraft.glass":2,"stat.useItem.minecraft.stone_sword":105,"stat.craftItem.minecraft.iron_leggings":1,"stat.useItem.minecraft.wool":4,"stat.mineBlock.minecraft.dirt":9,"stat.useItem.minecraft.iron_bars":1,"stat.useItem.minecraft.torch":13,"stat.useItem.minecraft.bread":3,"stat.pickup.minecraft.crafting_table":10,"stat.useItem.minecraft.log":2,"stat.useItem.minecraft.cobblestone":15,"stat.craftItem.minecraft.crafting_table":4,"stat.mineBlock.minecraft.double_plant":2,"stat.pickup.minecraft.log":58,"stat.pickup.minecraft.iron_pickaxe":1,"stat.pickup.usefulbackpacks.backpack":6,"stat.drop.minecraft.sapling":1,"stat.pickup.minecraft.chicken":4,"stat.pickup.minecraft.sapling":10,"stat.pickup.minecraft.apple":4,"stat.mineBlock.minecraft.iron_block":10,"stat.mineBlock.overlast.red_leaves":7,"stat.craftItem.minecraft.bucket":1,"stat.craftItem.minecraft.planks":240,"stat.pickup.minecraft.stone_sword":4,"stat.pickup.minecraft.book":99,"stat.useItem.minecraft.stonebrick":3,"stat.mineBlock.minecraft.log":55,"stat.useItem.minecraft.spruce_door":2,"stat.pickup.minecraft.red_flower":3,"stat.sneakTime":7363,"stat.pickup.minecraft.wool":5,"stat.useItem.minecraft.wooden_axe":52,"stat.pickup.minecraft.stone_slab":2,"stat.pickup.minecraft.chest":1,"stat.craftItem.minecraft.spruce_door":3,"stat.pickup.minecraft.bone":58,"stat.drop.techguns.t1_miner_helmet":1,"stat.pickup.minecraft.stone_pickaxe":3,"stat.pickup.minecraft.leather_chestplate":1,"stat.craftItem.minecraft.wool":6,"stat.mineBlock.minecraft.stained_glass_pane":4,"stat.swimOneCm":1434,"stat.mineBlock.minecraft.diamond_block":2,"stat.pickup.quark.glass_shards":18,"stat.climbOneCm":21085,"stat.pickup.capsule.capsule":2,"stat.useItem.minecraft.stone_slab2":19,"stat.pickup.minecraft.iron_boots":1,"stat.pickup.minecraft.enchanting_table":3,"stat.craftItem.minecraft.iron_boots":1,"stat.craftItem.minecraft.stone_pickaxe":2,"stat.pickup.minecraft.cobblestone":188,"stat.pickup.minecraft.gold_block":9,"stat.pickup.futuremc.sweet_berries":52,"stat.flyOneCm":210973,"stat.useItem.minecraft.cooked_beef":15,"stat.pickup.minecraft.redstone":12,"stat.timeSinceDeath":10763,"stat.pickup.minecraft.mutton":21,"stat.pickup.minecraft.stonebrick":51,"stat.mineBlock.minecraft.enchanting_table":1,"stat.mineBlock.minecraft.coal_ore":19,"stat.craftItem.minecraft.stone_hoe":1,"stat.pickup.minecraft.wooden_sword":2,"stat.pickup.minecraft.string":39,"stat.drop.usefulbackpacks.backpack":1,"stat.sprintOneCm":247742,"stat.mineBlock.minecraft.stone_slab":1,"stat.craftItem.minecraft.wooden_axe":4,"stat.craftItem.minecraft.stick":64,"stat.drop.minecraft.potion":2,"stat.mineBlock.minecraft.crafting_table":9,"stat.pickup.minecraft.leather_leggings":2,"stat.mineBlock.minecraft.planks":3,"stat.drop":15,"stat.useItem.minecraft.wooden_sword":83,"stat.killEntity.Sheep":5,"stat.pickup.minecraft.iron_block":10,"stat.killEntity.Zombie":2,"stat.pickup.minecraft.wheat":14,"stat.pickup.minecraft.gravel":24,"stat.useItem.minecraft.chicken":3,"stat.pickup.minecraft.stone_axe":5,"stat.useItem.minecraft.rotten_flesh":4,"stat.jump":979,"stat.pickup.minecraft.coal":29,"stat.pickup.minecraft.iron_helmet":2,"stat.pickup.minecraft.iron_ingot":65,"stat.useItem.minecraft.stone_axe":43,"stat.pickup.minecraft.gunpowder":6,"stat.pickup.minecraft.spider_eye":10,"stat.craftItem.minecraft.torch":20,"stat.pickup.minecraft.dirt":10,"stat.craftItem.minecraft.iron_helmet":1,"stat.pickup.minecraft.stone_shovel":1,"stat.mineBlock.minecraft.iron_bars":2,"stat.mineBlock.minecraft.glass_pane":4,"stat.pickup.minecraft.leather":41,"stat.damageTaken":4598,"stat.mineBlock.minecraft.furnace":5,"stat.mineBlock.minecraft.torch":3,"stat.mineBlock.minecraft.red_flower":2,"stat.useItem.minecraft.wooden_pickaxe":32,"stat.mineBlock.minecraft.sapling":2,"stat.pickup.srparasites.assimilated_flesh":7,"stat.pickup.minecraft.reeds":2,"stat.pickup.minecraft.bed":2,"stat.pickup.minecraft.emerald_block":6,"stat.damageDealt":6454,"stat.sleepInBed":3,"stat.killEntity.Cow":8,"stat.useItem.minecraft.crafting_table":2,"stat.killEntity.Pig":3,"stat.drop.techguns.itemshared":44,"stat.pickup.techguns.itemshared":99,"stat.walkOneCm":94615,"stat.pickup.minecraft.stick":94,"stat.craftItem.spartanweaponry.battleaxe_lead":1,"stat.craftItem.minecraft.iron_chestplate":1,"stat.useItem.minecraft.stained_hardened_clay":2,"stat.pickup.minecraft.cooked_beef":51,"stat.killEntity.Skeleton":5,"stat.mineBlock.minecraft.stonebrick":28,"stat.killEntity.Chicken":4,"stat.killEntity.Spider":10,"stat.pickup.minecraft.bread":2,"stat.mobKills":49,"stat.mineBlock.minecraft.bookshelf":23,"stat.pickup.minecraft.water_bucket":4,"stat.pickup.minecraft.diamond":18,"stat.mineBlock.minecraft.leaves":14,"stat.pickup.minecraft.torch":4,"stat.mineBlock.minecraft.stone":68}